Country Name,Sovereign,GEO Region,GEO Subregion,GEO ID,ISO 2 Code,ISO 3 Code,UN Code,Developed,Least Developed,OECD,Sub-saharan,Small Island Dev. States,Arab World,1989,1990,1991,1992,1993,1994,1995,1996,1997,1998,1999,2000,2001,2002,2003,2004,2005,2006,2007,2008,2009,2010,2011,2012,2013,2014
Afghanistan,Afghanistan,Asia + Pacific,South Asia,4,AF,AFG,,0,1,0,0,0,,0.9,NULL,0.0,NULL,NULL,NULL,381.9,381.9,381.9,0.9,0.9,0.9,NULL,NULL,NULL,181.5,145.4,99.4,61.3,47.9,49.2,24.9,24.04,17.34,17.7,NULL
Albania,Albania,Europe,Central Europe,8,AL,ALB,,0,0,0,0,0,,43.8,NULL,0.0,NULL,NULL,NULL,43.4,43.2,45.2,49.6,56.2,65.1,70.2,50.5,38.0,36.6,14.3,15.2,6.6,4.1,5.4,6.5,6.49,6.59,5.67,NULL
Algeria,Algeria,Africa,Northern Africa,12,DZ,DZA,,0,0,0,0,1,,3606.5,NULL,0.6,NULL,2364.8,2342.9,2519.9,2653.5,2008.5,1783.5,1736.5,1703.5,1225.3,1965.3,1965.3,1141.4,955.4,428.6,318.0,272.4,174.35,65.68,69.12,58.36,51.97,53.66
American Samoa,United States of America,Asia + Pacific,South Pacific,16,AS,ASM,,0,0,0,0,0,,NULL,NULL,NULL,NULL,NULL,NULL,NULL,NULL,NULL,NULL,NULL,NULL,NULL,NULL,NULL,NULL,NULL,NULL,NULL,NULL,NULL,NULL,NULL,NULL,NULL,NULL
Andorra,Andorra,Europe,Western Europe,20,AD,AND,,0,0,0,0,0,,57.2,NULL,0.0,NULL,NULL,NULL,NULL,NULL,NULL,NULL,NULL,NULL,NULL,NULL,NULL,NULL,NULL,NULL,NULL,NULL,1.9,0.0,0.0,0.0,0.0,0.0
Angola,Angola,Africa,Southern Africa,24,AO,AGO,,0,1,0,1,0,,120.4,NULL,0.0,NULL,NULL,NULL,114.8,114.8,114.8,115.9,NULL,107.0,119.8,110.0,109.7,82.2,59.2,42.1,17.0,20.2,35.3,12.7,11.55,6.6,15.43,13.21
Anguilla,United Kingdom of Great Britain and Northern Ireland,Latin America + Caribbean,Caribbean,28,AI,AIA,,0,0,0,0,0,,NULL,NULL,NULL,NULL,NULL,NULL,NULL,NULL,NULL,NULL,NULL,NULL,NULL,NULL,NULL,NULL,NULL,NULL,NULL,NULL,NULL,NULL,NULL,NULL,NULL,NULL
Antarctica,Antarctic,Polar,Antarctic,32,AQ,ATA,,0,0,0,0,0,,NULL,NULL,NULL,NULL,NULL,NULL,NULL,NULL,NULL,NULL,NULL,NULL,NULL,NULL,NULL,NULL,NULL,NULL,NULL,NULL,NULL,NULL,NULL,NULL,NULL,NULL
Antigua and Barbuda,Antigua and Barbuda,Latin America + Caribbean,Caribbean,36,AG,ATG,,0,0,0,0,0,,432.5,425.5,430.2,432.9,428.5,12.9,11.9,10.7,10.3,27.7,-1.6,5.1,3.3,4.0,1.7,2.6,1.7,1.6,0.9,0.3,0.5,0.1,0.38,0.11,0.22,NULL
Argentina,Argentina,Latin America + Caribbean,South America,40,AR,ARG,,0,0,0,0,0,,9038.2,1514.0,9912.3,10085.8,4380.5,7082.1,10042.5,4949.5,4369.0,4374.9,4957.0,3383.0,3841.0,2386.0,2835.5,2784.1,2208.6,2215.5,1199.7,654.8,395.4,780.8,831.16,855.29,497.7,NULL
Armenia,Armenia,Europe,Eastern Europe,44,AM,ARM,,0,0,0,0,0,,0.0,NULL,0.0,NULL,NULL,NULL,201.8,196.5,191.2,185.9,9.8,25.7,164.4,174.4,174.4,114.6,87.0,62.8,29.4,18.4,24.9,7.1,7.5,5.67,4.54,3.15
Aruba,Netherlands,Latin America + Caribbean,Caribbean,48,AW,ABW,,0,0,0,0,0,,NULL,NULL,NULL,NULL,NULL,NULL,NULL,NULL,NULL,NULL,NULL,NULL,NULL,NULL,NULL,NULL,NULL,NULL,NULL,NULL,NULL,NULL,NULL,NULL,NULL,NULL
Australia,Australia,Asia + Pacific,Australia + New Zealand,52,AU,AUS,,1,0,1,0,0,,15300.8,7434.4,8147.8,7017.5,4615.7,4242.1,3120.0,826.9,602.9,770.7,831.9,484.6,360.8,389.7,278.9,189.8,171.0,69.4,86.6,68.4,57.2,-6.4,46.81,-33.51,48.62,10.1
Austria,Austria,Europe,Western Europe,56,AT,AUT,,1,0,1,0,0,,6705.5,2004.4,1896.7,1710.2,641.1,1000.9,NULL,NULL,NULL,NULL,NULL,NULL,NULL,NULL,NULL,NULL,NULL,NULL,NULL,NULL,NULL,NULL,NULL,NULL,NULL,NULL
Azerbaijan,Azerbaijan,Europe,Eastern Europe,60,AZ,AZE,,0,0,0,0,0,,482.1,NULL,2.8,NULL,NULL,NULL,NULL,962.9,227.5,152.4,100.7,88.2,52.1,12.1,10.2,15.1,21.9,0.9,0.8,0.8,3.5,0.3,7.63,3.52,1.76,NULL
Bahamas,Bahamas,Latin America + Caribbean,Caribbean,64,BS,BHS,,0,0,0,0,0,,57.3,NULL,0.0,2.4,65.8,68.1,69.9,72.0,54.8,59.4,60.4,70.3,68.9,58.4,35.1,23.8,18.6,8.9,5.8,3.9,3.5,6.1,3.05,2.73,2.72,NULL
Bahrain,Bahrain,West Asia,Arabian Peninsula,68,BH,BHR,,0,0,0,0,1,,153.2,178.8,161.1,230.8,187.0,200.9,209.5,234.2,258.7,221.1,186.4,178.2,149.3,138.1,125.8,85.3,85.7,61.1,43.4,50.5,55.6,58.7,57.32,75.59,49.6,NULL
Bangladesh,Bangladesh,Asia + Pacific,South Asia,76,BD,BGD,,0,1,0,0,0,,207.9,202.1,94.9,216.3,229.2,195.4,291.3,633.7,840.8,840.6,814.8,816.4,826.9,350.1,340.6,310.1,277.5,217.5,192.7,223.1,195.9,125.5,136.42,66.47,64.89,NULL
Barbados,Barbados,Latin America + Caribbean,Caribbean,80,BB,BRB,,0,0,0,0,0,,31.1,25.5,28.9,24.5,36.2,37.0,26.4,24.2,19.1,25.2,22.5,9.8,14.2,12.1,11.5,16.7,9.3,10.5,4.8,3.6,5.1,2.3,2.65,2.66,2.3,1.23
Belarus,Belarus,Europe,Eastern Europe,84,BY,BLR,,0,0,0,0,0,,2024.7,1549.0,1445.9,1156.6,1156.2,1005.9,595.3,599.2,419.4,278.3,208.2,16.8,9.3,2.7,4.5,3.1,0.6,1.3,0.8,0.4,10.4,10.0,9.02,8.05,6.95,5.56
Belgium,Belgium,Europe,Western Europe,88,BE,BEL,,1,0,1,0,0,,NULL,NULL,NULL,NULL,NULL,NULL,NULL,NULL,NULL,NULL,NULL,NULL,NULL,NULL,NULL,NULL,NULL,NULL,NULL,NULL,NULL,NULL,NULL,NULL,NULL,NULL
Belize,Belize,Latin America + Caribbean,Meso America,92,BZ,BLZ,,0,0,0,0,0,,20.1,NULL,0.0,NULL,NULL,NULL,22.9,25.0,27.2,25.7,51.5,15.7,28.8,21.7,15.1,12.2,9.6,3.9,3.2,1.8,2.5,3.1,1.94,2.58,2.43,2.42
Benin,Benin,Africa,Western Africa,96,BJ,BEN,,0,1,0,1,0,,83.4,60.8,40.3,47.0,48.8,48.8,73.5,59.0,60.3,54.9,57.3,55.2,54.5,36.0,17.8,11.8,10.3,32.6,27.9,26.9,27.1,24.0,23.75,23.3,22.15,NULL
Bermuda,United Kingdom of Great Britain and Northern Ireland,Latin America + Caribbean,Caribbean,100,BM,BMU,,0,0,0,0,0,,NULL,NULL,NULL,NULL,NULL,NULL,NULL,NULL,NULL,NULL,NULL,NULL,NULL,NULL,NULL,NULL,NULL,NULL,NULL,NULL,NULL,NULL,NULL,NULL,NULL,NULL
Bhutan,Bhutan,Asia + Pacific,South Asia,104,BT,BTN,,0,1,0,0,0,,0.0,NULL,0.0,NULL,NULL,NULL,0.1,0.2,1.0,0.0,0.0,0.0,NULL,NULL,NULL,0.1,0.1,0.1,0.1,0.1,0.3,0.3,0.28,0.31,0.28,0.25
Bolivia (Plurinational State of),Bolivia,Latin America + Caribbean,South America,108,BO,BOL,,0,0,0,0,0,,22.6,NULL,15.9,NULL,NULL,76.7,82.3,92.5,60.7,77.1,74.2,80.7,80.2,67.4,35.2,45.8,29.6,36.4,6.6,8.6,4.4,7.7,7.5,6.79,0.37,NULL
Bosnia and Herzegovina,Bosnia and Herzegovina,Europe,Central Europe,112,BA,BIH,,0,0,0,0,0,,245.6,14.0,159.3,22.5,18.0,9.9,9.5,29.0,65.3,50.3,159.4,185.0,214.3,259.2,247.6,202.1,61.7,36.6,27.6,16.4,5.8,3.5,3.35,4.06,5.13,3.37
Botswana,Botswana,Africa,Southern Africa,116,BW,BWA,,0,0,0,1,0,,6.3,NULL,0.0,21.6,36.8,10.8,15.3,6.7,17.3,2.6,2.6,6.6,10.7,10.2,8.2,5.6,5.3,7.9,11.1,13.6,11.0,11.0,10.89,10.84,10.84,NULL
Brazil,Brazil,Latin America + Caribbean,South America,124,BR,BRA,,0,0,0,0,0,,23869.3,39337.3,9246.0,26560.4,32578.2,11572.3,13213.5,11518.5,4568.6,10419.7,13125.9,11375.7,7412.2,3589.4,4485.4,3150.4,2076.9,1335.5,1508.6,1305.4,1462.4,1207.2,1046.4,1387.87,1189.25,1164.74
British Virgin Islands,United Kingdom of Great Britain and Northern Ireland,Latin America + Caribbean,Caribbean,132,VG,VGB,,0,0,0,0,0,,NULL,NULL,NULL,NULL,NULL,NULL,NULL,NULL,NULL,NULL,NULL,NULL,NULL,NULL,NULL,NULL,NULL,NULL,NULL,NULL,NULL,NULL,NULL,NULL,NULL,NULL
Brunei Darussalam,Brunei Darussalam,Asia + Pacific,South East Asia,136,BN,BRN,,0,0,0,0,0,,66.6,NULL,0.0,60.9,83.3,65.7,67.3,81.8,92.5,65.0,37.7,47.8,33.1,46.3,33.7,63.3,41.6,28.6,10.4,7.6,5.8,6.9,8.08,5.9,4.27,4.0
Bulgaria,Bulgaria,Europe,Central Europe,140,BG,BGR,,0,0,0,0,0,,2950.4,2353.6,1957.1,1617.6,735.6,739.7,372.1,17.7,1.6,39.0,41.8,19.7,22.7,23.8,13.1,16.5,15.6,10.6,NULL,NULL,NULL,NULL,NULL,NULL,NULL,NULL
Burkina Faso,Burkina Faso,Africa,Western Africa,144,BF,BFA,,0,1,0,0,0,,29.9,31.3,32.8,40.0,41.7,37.5,45.3,41.8,37.6,37.0,30.6,34.9,29.9,27.9,25.0,24.6,22.4,21.6,23.0,23.3,26.7,31.0,27.93,26.59,14.88,12.38
Burundi,Burundi,Africa,Eastern Africa,148,BI,BDI,,0,1,0,1,0,,40.3,43.0,45.6,48.2,NULL,NULL,56.2,58.8,62.0,64.5,59.7,53.9,46.6,19.2,9.2,4.9,8.5,8.9,8.9,7.3,7.3,7.4,6.99,6.99,7.11,6.82
Cabo Verde,Cabo Verde,Africa,Western Africa,164,CV,CPV,,0,0,0,0,0,,2.1,2.2,2.1,2.2,2.3,2.3,2.4,2.3,2.2,2.1,2.0,1.9,1.9,1.8,1.8,1.5,0.9,0.2,0.2,0.2,1.8,0.3,0.28,0.23,0.17,0.17
Cambodia,Cambodia,Asia + Pacific,South East Asia,152,KH,KHM,,0,1,0,0,0,,2.8,NULL,0.0,NULL,NULL,NULL,97.0,97.0,97.0,97.0,97.0,97.0,97.0,97.0,89.9,74.6,50.8,34.6,19.9,9.3,17.1,12.8,13.71,10.12,9.47,11.19
Cameroon,Cameroon,Africa,Central Africa,156,CM,CMR,,0,0,0,1,0,,113.5,125.1,118.6,103.1,213.7,213.7,282.6,333.5,285.3,337.6,403.7,408.9,403.8,261.7,233.6,160.0,141.0,128.7,42.7,36.1,102.7,67.4,65.78,62.78,82.34,NULL
Canada,Canada,North America,North America,160,CA,CAN,,1,0,1,0,0,,29434.6,9917.9,9285.4,8642.0,4533.2,4050.2,4808.6,952.1,1012.5,935.5,873.6,953.1,924.8,923.1,832.6,602.8,594.1,576.4,559.4,509.9,274.4,65.2,57.93,61.83,65.91,54.25
Cayman Islands,United Kingdom of Great Britain and Northern Ireland,Latin America + Caribbean,Caribbean,168,KY,CYM,,0,0,0,0,0,,NULL,NULL,NULL,NULL,NULL,NULL,NULL,NULL,NULL,NULL,NULL,NULL,NULL,NULL,NULL,NULL,NULL,NULL,NULL,NULL,NULL,NULL,NULL,NULL,NULL,NULL
Central African Republic,Central African Republic,Africa,Central Africa,172,CF,CAF,,0,1,0,1,0,,26.6,NULL,42.8,44.5,32.2,32.2,28.2,6.5,0.0,7.3,1.5,4.5,4.2,4.6,4.3,4.1,2.9,2.3,1.6,6.7,11.9,12.1,12.02,11.83,NULL,NULL
Chad,Chad,Africa,Central Africa,176,TD,TCD,,0,1,0,1,0,,24.1,26.1,28.5,30.1,31.5,31.9,33.2,35.0,36.3,38.1,37.6,36.6,31.8,27.3,22.9,14.4,11.6,9.2,5.2,21.5,26.9,6.2,17.0,16.5,15.2,NULL
Chile,Chile,Latin America + Caribbean,South America,180,CL,CHL,,0,0,1,0,0,,1298.3,1015.5,1049.8,922.9,1263.8,1112.3,1164.4,1168.4,856.8,1089.4,815.8,880.9,769.1,591.9,744.5,572.5,469.2,435.1,270.2,304.0,262.1,261.7,275.31,272.38,241.89,NULL
China,China,Asia + Pacific,North East Asia,184,CN,CHN,,0,0,0,0,0,,84962.0,59674.0,70285.1,102771.7,113707.8,92418.6,110333.1,82263.5,90461.1,166967.8,100317.6,90850.7,66796.5,47777.2,56941.4,35465.8,31140.5,30008.1,25185.9,17386.3,20371.2,21388.2,21299.43,21521.55,15690.57,NULL
China Hong Kong Special Administrative Region,China,Asia + Pacific,North East Asia,187,HK,HKG,,,,,,,,NULL,NULL,NULL,NULL,NULL,NULL,NULL,NULL,NULL,NULL,NULL,NULL,NULL,NULL,NULL,NULL,NULL,NULL,NULL,NULL,NULL,NULL,NULL,NULL,NULL,NULL
China Macao Special Administrative Region,China,Asia + Pacific,North East Asia,186,MO,MAC,,,,,,,,NULL,NULL,NULL,NULL,NULL,NULL,NULL,NULL,NULL,NULL,NULL,NULL,NULL,NULL,NULL,NULL,NULL,NULL,NULL,NULL,NULL,NULL,NULL,NULL,NULL,NULL
Christmas Island,Australia,Asia + Pacific,South East Asia,188,CX,CXR,,0,0,0,0,0,,NULL,NULL,NULL,NULL,NULL,NULL,NULL,NULL,NULL,NULL,NULL,NULL,NULL,NULL,NULL,NULL,NULL,NULL,NULL,NULL,NULL,NULL,NULL,NULL,NULL,NULL
Cocos (Keeling) Islands,Australia,Asia + Pacific,South Pacific,192,CC,CCK,,0,0,0,0,0,,NULL,NULL,NULL,NULL,NULL,NULL,NULL,NULL,NULL,NULL,NULL,NULL,NULL,NULL,NULL,NULL,NULL,NULL,NULL,NULL,NULL,NULL,NULL,NULL,NULL,NULL
Colombia,Colombia,Latin America + Caribbean,South America,196,CO,COL,,0,0,0,0,0,,1613.2,2152.7,1877.4,66.0,NULL,2224.1,2685.7,2837.2,2223.0,1262.8,1021.9,1155.8,1275.9,1002.2,1168.7,1023.9,709.3,821.6,469.9,414.8,320.9,241.5,217.4,285.5,176.65,153.23
Comoros,Comoros,Africa,Western Indian Ocean,200,KM,COM,,0,1,0,1,1,,0.7,NULL,1.3,NULL,NULL,NULL,2.3,2.3,2.9,3.6,2.6,2.8,2.0,1.9,1.3,1.2,1.0,0.9,0.4,0.1,0.1,0.1,0.12,0.11,0.12,0.14
Congo,Congo,Africa,Central Africa,204,CG,COG,,0,0,0,1,0,,7.9,NULL,82.4,NULL,NULL,27.7,21.1,18.9,16.3,15.1,16.0,29.1,15.8,11.2,13.1,11.2,10.7,10.9,9.7,10.3,9.88,10.6,10.56,9.87,9.35,8.72
Cook Islands,New Zealand,Asia + Pacific,South Pacific,208,CK,COK,,0,0,0,0,0,,0.1,NULL,0.1,NULL,NULL,NULL,2.5,1.7,1.2,0.5,0.0,0.0,NULL,NULL,0.0,0.0,0.0,0.0,0.0,0.0,0.0,0.1,0.06,0.04,0.02,0.0
Costa Rica,Costa Rica,Latin America + Caribbean,Meso America,212,CR,CRI,,0,0,0,0,0,,350.4,NULL,549.3,489.6,221.5,488.3,410.7,780.1,504.1,238.6,610.4,504.5,542.2,425.4,492.2,409.1,364.4,317.2,281.8,237.0,211.5,180.9,127.85,106.3,12.6,NULL
Côte d'Ivoire,Côte d'Ivoire,Africa,Western Africa,216,CI,CIV,,0,0,0,0,0,,187.7,NULL,276.5,NULL,223.3,355.2,371.5,394.5,157.7,288.2,174.0,225.4,173.4,121.2,104.6,122.3,116.2,135.0,103.3,77.3,73.7,65.9,59.32,56.65,54.2,NULL
Croatia,Croatia,Europe,Central Europe,220,HR,HRV,,0,0,0,0,0,,933.3,928.4,790.8,882.9,848.5,590.6,438.3,248.0,314.3,120.1,169.9,188.3,142.5,172.3,98.0,87.3,54.2,-32.9,2.2,7.7,5.0,3.4,4.76,3.63,NULL,NULL
Cuba,Cuba,Latin America + Caribbean,Caribbean,224,CU,CUB,,0,0,0,0,0,,1060.7,978.3,397.1,167.5,127.2,177.0,606.7,749.7,685.2,611.7,645.3,571.7,530.6,518.0,508.4,471.8,241.0,266.1,103.5,87.7,11.7,22.1,14.26,15.2,12.19,13.8
Cyprus,Cyprus,Europe,Central Europe,228,CY,CYP,,1,0,0,0,0,,372.4,266.4,294.7,336.4,466.4,212.0,240.5,208.9,160.8,130.3,158.7,294.0,165.5,135.9,74.1,NULL,NULL,NULL,NULL,NULL,NULL,NULL,NULL,NULL,NULL,NULL
Czech Republic,Czech Republic,Europe,Central Europe,232,CZ,CZE,,1,0,1,0,0,,8592.4,NULL,6.5,NULL,102.6,555.7,441.5,55.4,23.2,14.3,-63.5,-68.1,10.6,146.2,93.4,NULL,NULL,NULL,NULL,NULL,NULL,NULL,NULL,NULL,NULL,NULL
Democratic People's Republic of Korea,Democratic People's Republic of Korea,Asia + Pacific,North East Asia,236,KP,PRK,,0,0,0,0,0,,1695.0,NULL,192.0,NULL,NULL,NULL,1329.0,1509.0,1552.0,1545.5,1501.0,1127.1,2405.7,2326.3,2172.6,2206.2,283.2,24.5,138.2,91.2,89.0,94.1,90.04,88.96,90.56,79.37
Democratic Republic of the Congo,Democratic Republic of the Congo,Africa,Central Africa,240,CD,COD,,0,1,0,1,0,,21.6,NULL,17.7,NULL,NULL,NULL,1209.7,960.4,578.0,907.4,410.6,454.6,1151.2,1081.3,607.6,364.3,312.6,228.2,90.5,50.5,59.82,76.6,56.93,47.85,35.94,NULL
Denmark,Denmark,Europe,Western Europe,244,DK,DNK,,1,0,1,0,0,,NULL,NULL,NULL,NULL,NULL,NULL,NULL,NULL,NULL,NULL,NULL,NULL,NULL,NULL,NULL,NULL,NULL,NULL,NULL,NULL,NULL,NULL,NULL,NULL,NULL,NULL
Djibouti,Djibouti,Africa,Eastern Africa,248,DJ,DJI,,0,1,0,1,1,,22.3,NULL,22.1,NULL,NULL,NULL,22.7,21.5,18.9,20.6,20.6,21.2,18.5,16.3,12.6,9.3,7.7,3.7,2.8,1.5,1.2,0.7,0.66,0.64,0.62,NULL
Dominica,Dominica,Latin America + Caribbean,Caribbean,252,DM,DMA,,0,0,0,0,0,,0.0,NULL,3.3,NULL,1.5,1.5,1.1,1.8,1.8,2.3,1.2,2.3,1.7,3.1,1.5,1.1,1.9,0.6,0.0,0.0,0.4,0.4,0.16,0.01,0.09,NULL
Dominican Republic,Dominican Republic,Latin America + Caribbean,Caribbean,256,DO,DOM,,0,0,0,0,0,,270.9,NULL,33.9,287.9,426.7,498.8,837.9,677.2,614.4,509.6,877.7,623.9,650.8,406.9,322.8,372.8,262.1,232.8,74.4,53.9,76.8,54.7,50.61,40.87,34.78,36.9
Ecuador,Ecuador,Latin America + Caribbean,South America,260,EC,ECU,,0,0,0,0,0,,577.5,648.6,860.8,477.1,480.6,298.1,382.4,351.7,387.8,365.9,277.9,354.9,578.7,273.4,259.9,167.4,286.3,114.0,150.7,79.8,87.24,62.04,32.28,33.76,22.03,21.48
Egypt,Egypt,Africa,Northern Africa,264,EG,EGY,,0,0,0,0,1,,4742.6,4426.0,3933.0,6276.0,6600.0,2737.0,2880.5,2944.9,2785.0,2816.0,2749.8,2746.3,2704.3,1944.1,1662.7,1644.2,1348.6,1091.6,860.8,726.2,789.5,705.6,488.78,630.18,352.2,326.29
El Salvador,El Salvador,Latin America + Caribbean,Meso America,268,SV,SLV,,0,0,0,0,0,,388.4,NULL,425.7,654.1,481.7,261.2,336.4,318.5,284.7,198.7,114.7,107.7,121.2,108.1,105.2,81.1,138.7,84.9,51.4,25.4,11.9,11.5,9.55,9.32,8.08,8.54
Equatorial Guinea,Equatorial Guinea,Africa,Central Africa,272,GQ,GNQ,,0,1,0,1,0,,24.0,43.1,43.3,46.0,47.5,51.7,58.8,60.8,65.0,62.3,37.9,49.4,44.1,27.9,19.9,14.4,14.3,10.1,10.6,8.1,6.22,6.4,5.67,5.39,5.12,4.95
Eritrea,Eritrea,Africa,Eastern Africa,276,ER,ERI,,0,1,0,1,0,,7.0,NULL,3.3,NULL,NULL,NULL,54.0,43.2,42.7,26.8,26.5,51.4,NULL,NULL,NULL,NULL,31.3,5.1,4.0,3.8,3.15,1.12,0.96,1.01,1.02,NULL
Estonia,Estonia,Europe,Central Europe,280,EE,EST,,0,0,1,0,0,,320.7,NULL,0.0,NULL,NULL,NULL,765.0,-442.0,56.0,55.7,57.8,17.0,1.3,1.8,3.8,NULL,NULL,NULL,NULL,NULL,NULL,NULL,NULL,NULL,NULL,NULL
Ethiopia,Ethiopia,Africa,Eastern Africa,284,ET,ETH,,0,1,0,1,0,,35.4,NULL,12.6,NULL,NULL,NULL,48.6,47.7,50.7,61.8,56.2,58.0,54.7,86.6,39.7,23.7,22.0,13.1,5.0,4.3,2.1,11.0,11.28,10.8,5.46,NULL
Falkland Islands (Malvinas),United Kingdom of Great Britain and Northern Ireland,Latin America + Caribbean,South America,288,FK,FLK,,0,0,0,0,0,,NULL,NULL,NULL,NULL,NULL,NULL,NULL,NULL,NULL,NULL,NULL,NULL,NULL,NULL,NULL,NULL,NULL,NULL,NULL,NULL,NULL,NULL,NULL,NULL,NULL,NULL
Faroe Islands,Denmark,Europe,Western Europe,292,FO,FRO,,0,0,0,0,0,,NULL,NULL,NULL,NULL,NULL,NULL,NULL,NULL,NULL,NULL,NULL,NULL,NULL,NULL,NULL,NULL,NULL,NULL,NULL,NULL,NULL,NULL,NULL,NULL,NULL,NULL
Fiji,Fiji,Asia + Pacific,South Pacific,296,FJ,FJI,,0,0,0,0,0,,40.4,41.8,55.2,9.8,8.0,0.9,62.7,29.8,13.7,15.5,11.4,2.5,2.5,5.3,1.6,5.5,6.0,5.4,4.5,4.8,7.6,9.2,14.46,14.47,7.67,NULL
Finland,Finland,Europe,Western Europe,300,FI,FIN,,1,0,1,0,0,,2969.3,2615.0,1718.3,927.5,1144.0,593.4,NULL,NULL,NULL,NULL,NULL,NULL,NULL,NULL,NULL,NULL,NULL,NULL,NULL,NULL,NULL,NULL,NULL,NULL,NULL,NULL
France,France,Europe,Western Europe,304,FR,FRA,,1,0,1,0,0,,NULL,NULL,NULL,NULL,NULL,NULL,NULL,NULL,NULL,NULL,NULL,NULL,NULL,NULL,NULL,NULL,NULL,NULL,NULL,NULL,NULL,NULL,NULL,NULL,NULL,NULL
French Guiana,France,Latin America + Caribbean,South America,308,GF,GUF,,0,0,0,0,0,,NULL,NULL,NULL,NULL,NULL,NULL,NULL,NULL,NULL,NULL,NULL,NULL,NULL,NULL,NULL,NULL,NULL,NULL,NULL,NULL,NULL,NULL,NULL,NULL,NULL,NULL
Gabon,Gabon,Africa,Central Africa,320,GA,GAB,,0,0,0,1,0,,13.9,NULL,10.4,NULL,14.2,13.6,9.3,13.5,14.0,14.0,9.7,16.2,8.4,6.9,6.9,6.2,3.6,4.5,4.1,5.2,29.7,30.6,45.95,30.25,28.6,NULL
Gambia,Gambia,Africa,Western Africa,324,GM,GMB,,0,1,0,0,0,,6.7,15.0,11.6,12.4,21.4,23.1,24.7,21.0,28.4,11.1,7.0,6.2,5.9,4.9,5.3,0.2,0.9,1.1,0.7,0.5,1.6,1.5,0.98,1.91,0.86,0.77
Georgia,Georgia,Europe,Eastern Europe,328,GE,GEO,,0,0,0,0,0,,773.2,NULL,94.8,NULL,NULL,53.2,77.8,79.6,86.7,69.9,62.9,65.9,68.1,64.3,61.1,55.8,34.4,14.6,6.3,5.9,4.6,5.9,4.31,2.66,1.38,0.1
Germany,Germany,Europe,Western Europe,332,DE,DEU,,1,0,1,0,0,,NULL,NULL,NULL,NULL,NULL,NULL,NULL,NULL,NULL,NULL,NULL,NULL,NULL,NULL,NULL,NULL,NULL,NULL,NULL,NULL,NULL,NULL,NULL,NULL,NULL,NULL
Ghana,Ghana,Africa,Western Africa,336,GH,GHA,,0,0,0,0,0,,106.9,114.7,107.2,78.2,28.2,46.7,48.6,15.7,51.5,55.1,54.7,56.7,41.1,24.0,37.7,47.5,25.2,34.2,23.6,21.6,80.7,37.2,30.71,27.19,25.39,NULL
Gibraltar,United Kingdom of Great Britain and Northern Ireland,Europe,Western Europe,340,GI,GIB,,0,0,0,0,0,,NULL,NULL,NULL,NULL,NULL,NULL,NULL,NULL,NULL,NULL,NULL,NULL,NULL,NULL,NULL,NULL,NULL,NULL,NULL,NULL,NULL,NULL,NULL,NULL,NULL,NULL
Greece,Greece,Europe,Western Europe,348,GR,GRC,,1,0,1,0,0,,NULL,NULL,NULL,NULL,NULL,NULL,NULL,NULL,NULL,NULL,NULL,NULL,NULL,NULL,NULL,NULL,NULL,NULL,NULL,NULL,NULL,NULL,NULL,NULL,NULL,NULL
Greenland,Denmark,Polar,Arctic,352,GL,GRL,,0,0,0,0,0,,NULL,NULL,NULL,NULL,NULL,NULL,NULL,NULL,NULL,NULL,NULL,NULL,NULL,NULL,NULL,NULL,NULL,NULL,NULL,NULL,NULL,NULL,NULL,NULL,NULL,NULL
Grenada,Grenada,Latin America + Caribbean,Caribbean,356,GD,GRD,,0,0,0,0,0,,4.1,NULL,0.0,NULL,4.1,4.1,6.9,5.1,6.9,4.2,3.1,3.1,1.3,2.3,2.3,2.4,0.7,0.3,0.2,0.5,0.8,0.8,0.18,0.26,0.33,NULL
Guadeloupe,France,Latin America + Caribbean,Caribbean,360,GP,GLP,,0,0,0,0,0,,NULL,NULL,NULL,NULL,NULL,NULL,NULL,NULL,NULL,NULL,NULL,NULL,NULL,NULL,NULL,NULL,NULL,NULL,NULL,NULL,NULL,NULL,NULL,NULL,NULL,NULL
Guam,United States of America,Asia + Pacific,South Pacific,364,GU,GUM,,0,0,0,0,0,,NULL,NULL,NULL,NULL,NULL,NULL,NULL,NULL,NULL,NULL,NULL,NULL,NULL,NULL,NULL,NULL,NULL,NULL,NULL,NULL,NULL,NULL,NULL,NULL,NULL,NULL
Guatemala,Guatemala,Latin America + Caribbean,Meso America,368,GT,GTM,,0,0,0,0,0,,420.7,360.9,370.1,370.1,370.1,344.2,489.2,505.6,749.5,789.8,720.2,891.1,1055.4,952.5,677.0,556.1,586.9,355.8,302.9,184.4,249.3,256.2,221.0,148.48,249.98,229.36
Guernsey,United Kingdom of Great Britain and Northern Ireland,Europe,Western Europe,372,GG,GGY,,0,0,0,0,0,,NULL,NULL,NULL,NULL,NULL,NULL,NULL,NULL,NULL,NULL,NULL,NULL,NULL,NULL,NULL,NULL,NULL,NULL,NULL,NULL,NULL,NULL,NULL,NULL,NULL,NULL
Guinea,Guinea,Africa,Western Africa,376,GN,GIN,,0,1,0,0,0,,27.2,40.6,42.1,46.0,44.5,44.5,48.5,52.4,52.2,42.0,40.0,49.9,48.4,45.0,42.1,32.4,26.1,22.9,22.1,22.0,21.8,23.4,24.53,22.2,7.08,NULL
Guinea-Bissau,Guinea-Bissau,Africa,Western Africa,380,GW,GNB,,0,1,0,0,0,,22.0,22.2,23.0,23.4,23.9,24.4,25.7,26.3,26.8,27.1,26.0,26.0,26.9,27.2,31.4,27.2,14.6,15.2,5.2,3.9,6.65,2.9,2.86,2.7,2.31,NULL
Guyana,Guyana,Latin America + Caribbean,South America,384,GY,GUY,,0,0,0,0,0,,31.4,19.3,17.7,23.0,59.8,42.6,94.1,44.4,29.3,30.9,42.6,26.4,21.2,15.6,11.6,12.9,26.0,9.2,0.6,1.7,1.1,2.4,2.41,1.36,0.96,0.8
Haiti,Haiti,Latin America + Caribbean,Caribbean,388,HT,HTI,,0,1,0,0,0,,0.0,NULL,0.0,NULL,NULL,NULL,170.5,170.5,170.5,0.2,0.2,185.7,185.7,197.7,121.0,140.6,85.5,54.8,9.4,3.7,3.85,3.41,4.24,5.15,1.95,NULL
Holy See,Holy See,Europe,Western Europe,396,VA,VAT,,0,0,0,0,0,,0.2,NULL,0.0,NULL,NULL,NULL,NULL,NULL,NULL,NULL,NULL,NULL,NULL,NULL,NULL,NULL,NULL,NULL,NULL,0.1,0.0,0.0,0.02,0.0,0.0,0.0
Honduras,Honduras,Latin America + Caribbean,Meso America,400,HN,HND,,0,0,0,0,0,,0.4,NULL,0.0,NULL,NULL,114.8,369.2,779.5,620.7,430.8,634.8,556.3,639.3,555.7,591.5,519.5,448.2,391.5,305.1,216.2,153.9,161.6,109.36,80.91,18.94,NULL
Hungary,Hungary,Europe,Central Europe,408,HU,HUN,,0,0,1,0,0,,7051.3,7624.8,4156.3,2467.5,1919.2,988.2,684.7,98.8,117.5,122.1,113.7,97.3,96.4,47.3,34.2,NULL,NULL,NULL,NULL,NULL,NULL,NULL,NULL,NULL,NULL,NULL
Iceland,Iceland,Europe,Western Europe,412,IS,ISL,,1,0,1,0,0,,221.6,172.4,126.3,88.5,69.2,38.6,7.6,7.5,8.9,7.0,6.6,6.7,7.1,2.6,2.7,2.0,1.7,2.4,2.2,2.2,1.8,0.0,0.0,0.0,0.0,0.1
India,India,Asia + Pacific,South Asia,416,IN,IND,,0,0,0,0,0,,9280.1,0.0,0.0,11041.2,16312.2,16066.1,10286.9,16668.5,15165.1,12253.6,21454.6,18695.6,14369.8,15026.9,13848.1,10149.8,4326.3,5280.3,2971.0,2904.9,977.0,1933.7,1484.57,1638.45,956.14,NULL
Indonesia,Indonesia,Asia + Pacific,South East Asia,420,ID,IDN,,0,0,0,0,0,,1457.1,NULL,80.8,6693.3,5686.3,8027.1,9199.6,9476.0,7965.8,6330.5,5921.2,5451.2,5229.5,5787.4,5119.8,4256.7,2725.7,553.7,500.1,299.9,374.8,433.0,337.5,329.38,310.52,257.98
Iran (Islamic Republic of),Iran (Islamic Republic of),Asia + Pacific,South Asia,424,IR,IRN,,0,0,0,0,0,,2287.3,1393.9,6865.0,7195.3,8069.0,6866.2,4691.7,3773.5,9831.9,8924.6,5926.8,5693.3,5804.4,8572.9,6753.6,6188.6,2448.6,1143.8,745.6,508.6,466.3,421.3,377.58,376.81,357.84,NULL
Iraq,Iraq,West Asia,Mashriq,428,IQ,IRQ,,0,0,0,0,1,,67.7,NULL,12.6,NULL,NULL,NULL,1618.3,1583.3,1573.4,25.9,27.1,26.4,NULL,NULL,NULL,NULL,NULL,1580.6,1836.3,1752.4,593.1,105.8,110.44,112.2,101.75,NULL
Ireland,Ireland,Europe,Western Europe,432,IE,IRL,,1,0,1,0,0,,NULL,NULL,NULL,NULL,NULL,NULL,NULL,NULL,NULL,NULL,NULL,NULL,NULL,NULL,NULL,NULL,NULL,NULL,NULL,NULL,NULL,NULL,NULL,NULL,NULL,NULL
Isle of Man,United Kingdom of Great Britain and Northern Ireland,Europe,Western Europe,436,,IMY,,0,0,0,0,0,,NULL,NULL,NULL,NULL,NULL,NULL,NULL,NULL,NULL,NULL,NULL,NULL,NULL,NULL,NULL,NULL,NULL,NULL,NULL,NULL,NULL,NULL,NULL,NULL,NULL,NULL
Israel,Israel,Europe,Western Europe,440,IL,ISR,,1,0,1,0,0,,5604.5,0.0,2148.0,6735.2,5670.0,1431.3,1103.7,-838.6,2136.2,2258.8,1652.8,1696.5,1147.7,1241.3,710.6,783.1,725.9,585.0,503.3,475.4,817.8,91.1,-488.57,731.49,90.96,NULL
Italy,Italy,Europe,Western Europe,444,IT,ITA,,1,0,1,0,0,,NULL,NULL,NULL,NULL,NULL,NULL,NULL,NULL,NULL,NULL,NULL,NULL,NULL,NULL,NULL,NULL,NULL,NULL,NULL,NULL,NULL,NULL,NULL,NULL,NULL,NULL
Jamaica,Jamaica,Latin America + Caribbean,Caribbean,448,JM,JAM,,0,0,0,0,0,,421.9,431.0,371.7,482.5,103.3,82.4,93.4,100.4,113.8,221.9,226.4,69.5,61.4,39.2,23.1,23.3,6.2,2.5,2.9,8.5,19.5,15.7,5.74,7.4,3.63,NULL
Japan,Japan,Asia + Pacific,North East Asia,452,JP,JPN,,1,0,1,0,0,,275796.7,120074.2,170008.0,99418.2,72952.1,23341.5,36103.6,5944.2,7364.5,6883.3,6867.0,5989.2,5261.1,2461.0,3559.5,1959.4,1067.9,1051.9,1030.0,1050.0,699.5,225.4,262.83,80.84,39.59,NULL
Jersey,United Kingdom of Great Britain and Northern Ireland,Europe,Western Europe,460,JE,JEY,,0,0,0,0,0,,NULL,NULL,NULL,NULL,NULL,NULL,NULL,NULL,NULL,NULL,NULL,NULL,NULL,NULL,NULL,NULL,NULL,NULL,NULL,NULL,NULL,NULL,NULL,NULL,NULL,NULL
Johnston Atoll,United States of America,Asia + Pacific,South Pacific,464,,JTN,,0,0,0,0,0,,NULL,NULL,NULL,NULL,NULL,NULL,NULL,NULL,NULL,NULL,NULL,NULL,NULL,NULL,NULL,NULL,NULL,NULL,NULL,NULL,NULL,NULL,NULL,NULL,NULL,NULL
Jordan,Jordan,West Asia,Mashriq,468,JO,JOR,,0,0,0,0,1,,856.1,798.3,839.5,779.0,856.3,963.7,944.1,1036.6,1239.2,1110.5,799.9,746.6,607.7,267.0,228.6,196.9,201.2,150.3,119.5,92.4,97.7,114.2,120.51,143.15,63.0,NULL
Kazakhstan,Kazakhstan,Europe,Central Asia,476,KZ,KAZ,,0,0,0,0,0,,2538.4,2355.9,2285.2,NULL,3279.2,NULL,NULL,1739.6,1541.6,1970.5,829.6,597.9,346.2,146.9,64.0,45.5,40.0,79.9,120.9,128.8,130.2,110.0,96.75,21.36,102.32,NULL
Kenya,Kenya,Africa,Eastern Africa,480,KE,KEN,,0,0,0,1,0,,275.3,452.3,442.9,350.4,352.1,563.5,562.0,410.6,573.0,566.9,387.9,381.4,343.4,322.0,268.4,200.0,267.5,134.8,88.8,75.7,58.3,56.2,52.62,42.35,29.14,NULL
Kiribati,Kiribati,Asia + Pacific,South Pacific,484,KI,KIR,,0,1,0,0,0,,0.0,NULL,0.0,NULL,0.8,0.8,0.8,0.8,0.7,0.6,0.0,0.0,0.0,0.0,0.0,0.0,0.0,0.0,0.1,0.2,0.0,0.1,0.01,0.03,0.03,NULL
Kuwait,Kuwait,West Asia,Arabian Peninsula,488,KW,KWT,,0,0,0,0,1,,2415.1,NULL,0.0,NULL,576.0,694.0,615.9,614.7,615.3,546.5,596.4,595.1,518.7,515.7,450.6,485.8,373.9,393.1,427.9,408.5,426.1,439.1,397.75,420.15,414.67,NULL
Kyrgyzstan,Kyrgyzstan,Europe,Central Asia,492,KG,KGZ,,0,0,0,0,0,,0.1,NULL,131.5,120.1,106.5,98.6,95.4,82.9,83.5,70.7,67.9,53.7,67.0,50.2,47.3,36.5,16.4,8.8,5.8,12.4,7.7,4.3,2.96,2.91,3.99,NULL
Lao People's Democratic Republic,Lao People's Democratic Republic,Asia + Pacific,South East Asia,496,LA,LAO,,0,1,0,0,0,,0.3,0.0,0.0,4.0,0.0,0.0,43.3,43.3,43.3,43.9,44.7,45.2,42.0,42.9,35.9,23.1,21.3,19.4,8.0,3.6,3.0,2.5,2.66,2.75,1.6,2.0
Latvia,Latvia,Europe,Central Europe,500,LV,LVA,,0,0,0,0,0,,4761.6,NULL,15.3,NULL,NULL,NULL,726.9,342.8,43.2,39.8,25.1,38.2,11.4,3.0,2.2,NULL,NULL,NULL,NULL,NULL,NULL,NULL,NULL,NULL,NULL,NULL
Lebanon,Lebanon,West Asia,Mashriq,504,LB,LBN,,0,0,0,0,1,,442.7,NULL,0.0,NULL,942.1,861.9,1024.7,980.9,884.9,776.7,724.8,777.5,770.1,710.8,685.0,432.0,354.6,290.0,112.4,58.2,58.4,88.6,92.26,94.67,72.61,69.69
Lesotho,Lesotho,Africa,Southern Africa,508,LS,LSO,,0,1,0,1,0,,6.2,NULL,0.3,NULL,NULL,6.0,6.8,6.6,3.5,3.4,2.8,2.4,4.1,4.6,3.3,2.1,1.1,1.9,2.0,3.3,3.8,3.1,2.5,2.24,1.96,1.14
Liberia,Liberia,Africa,Western Africa,512,LR,LBR,,0,1,0,0,0,,51.5,27.3,65.0,66.9,44.3,34.9,67.9,89.0,77.5,32.4,20.3,42.8,26.2,54.0,27.8,15.5,5.8,6.2,3.7,3.4,5.0,5.5,5.41,4.82,4.51,3.74
Libya,Libyan Arab Jamahiriya,Africa,Northern Africa,516,LY,LBY,,0,0,0,0,1,,2.2,135.1,1284.5,1527.8,1589.0,1582.8,1522.4,1498.7,1324.0,2145.3,1472.6,1596.5,1596.5,1596.5,1511.6,1281.5,1088.0,520.7,142.8,111.6,127.5,139.26,131.89,144.1,144.0,122.4
Liechtenstein,Liechtenstein,Europe,Western Europe,520,LI,LIE,,1,0,0,0,0,,18.0,11.0,25.1,14.8,10.2,5.7,1.8,0.4,0.2,0.0,0.1,0.1,0.1,0.1,0.1,-0.1,0.0,0.0,0.0,0.0,0.0,0.0,0.0,0.0,0.0,NULL
Lithuania,Lithuania,Europe,Central Europe,524,LT,LTU,,0,0,0,0,0,,5622.4,4180.1,3849.2,2450.7,NULL,665.3,421.7,328.4,122.3,110.6,87.9,50.5,11.7,14.7,13.0,NULL,NULL,NULL,NULL,NULL,NULL,NULL,NULL,NULL,NULL,NULL
Luxembourg,Luxembourg,Europe,Western Europe,528,LU,LUX,,1,0,1,0,0,,NULL,NULL,NULL,NULL,NULL,NULL,NULL,NULL,NULL,NULL,NULL,NULL,NULL,NULL,NULL,NULL,NULL,NULL,NULL,NULL,NULL,NULL,NULL,NULL,NULL,NULL
Madagascar,Madagascar,Africa,Western Indian Ocean,536,MG,MDG,,0,1,0,1,0,,50.1,NULL,0.8,NULL,NULL,NULL,20.8,23.5,114.3,27.0,27.5,14.2,11.3,8.8,7.9,9.7,9.6,4.0,4.2,3.0,33.0,16.8,16.5,15.95,15.95,NULL
Malawi,Malawi,Africa,Southern Africa,540,MW,MWI,,0,1,0,1,0,,0.4,NULL,97.3,61.8,174.5,156.8,160.2,181.3,159.5,184.3,180.5,101.7,88.0,75.4,60.9,12.1,7.1,6.6,5.1,6.7,8.6,13.0,12.71,12.54,10.18,9.35
Malaysia,Malaysia,Asia + Pacific,South East Asia,544,MY,MYS,,0,0,0,0,0,,4856.8,4193.7,4501.8,4469.5,4266.8,5188.4,3740.2,3285.1,3619.3,2625.5,2342.5,2435.0,2374.7,1966.3,1516.6,1483.6,1042.4,964.3,664.2,571.2,604.5,542.8,485.8,737.6,449.93,473.39
Maldives,Maldives,Asia + Pacific,South Asia,548,MV,MDV,,0,0,0,0,0,,2.2,4.5,5.9,16.1,18.5,23.8,5.9,0.0,7.8,0.9,1.5,4.6,15.7,4.0,2.0,2.2,2.7,5.4,4.4,3.7,5.1,4.0,3.67,3.69,3.19,3.32
Mali,Mali,Africa,Western Africa,552,ML,MLI,,0,0,0,1,0,,1.6,0.0,0.0,0.0,0.0,0.0,106.1,111.6,115.2,117.0,39.0,30.2,28.3,30.1,31.6,31.7,33.1,26.0,21.6,14.5,14.4,15.5,17.6,16.61,10.29,NULL
Malta,Malta,Europe,Western Europe,556,MT,MLT,,1,0,0,0,0,,383.9,194.7,130.2,95.9,71.7,135.3,109.5,98.4,82.1,143.4,261.1,99.5,94.7,40.5,43.8,NULL,NULL,NULL,NULL,NULL,NULL,NULL,NULL,NULL,NULL,NULL
Marshall Islands,Marshall Islands,Asia + Pacific,South Pacific,560,MH,MHL,,0,0,0,0,0,,1.3,1.2,1.2,1.2,1.3,1.3,1.3,1.2,1.2,0.7,1.2,0.6,0.3,0.3,0.5,0.1,0.0,0.1,0.2,0.2,0.2,0.2,0.24,0.21,0.12,NULL
Martinique,France,Latin America + Caribbean,Caribbean,564,MQ,MTQ,,0,0,0,0,0,,NULL,NULL,NULL,NULL,NULL,NULL,NULL,NULL,NULL,NULL,NULL,NULL,NULL,NULL,NULL,NULL,NULL,NULL,NULL,NULL,NULL,NULL,NULL,NULL,NULL,NULL
Mauritania,Mauritania,Africa,Western Africa,568,MR,MRT,,0,1,0,0,1,,17.3,NULL,0.0,NULL,NULL,17.3,23.2,7.8,16.0,14.7,13.4,15.6,16.6,16.5,14.3,8.4,7.3,4.2,2.7,6.5,20.4,20.5,17.6,20.35,20.35,NULL
Mauritius,Mauritius,Africa,Western Indian Ocean,572,MU,MUS,,0,0,0,1,0,,75.9,NULL,0.0,71.2,70.1,43.8,27.7,37.7,30.3,45.8,24.2,27.6,20.4,14.4,16.3,15.7,9.1,8.6,8.6,6.9,10.7,5.3,8.82,7.14,5.44,7.93
Mayotte,France,Africa,Western Indian Ocean,576,YT,MYT,,0,0,0,0,0,,NULL,NULL,NULL,NULL,NULL,NULL,NULL,NULL,NULL,NULL,NULL,NULL,NULL,NULL,NULL,NULL,NULL,NULL,NULL,NULL,NULL,NULL,NULL,NULL,NULL,NULL
Mexico,Mexico,Latin America + Caribbean,Meso America,580,MX,MEX,,0,0,1,0,0,,28664.1,21484.9,16389.2,11600.6,12792.9,14353.3,6745.3,6168.1,6108.9,5641.3,4819.7,6055.7,4666.8,3954.7,3783.3,5619.3,3816.7,1617.9,1917.9,1992.3,1769.6,1598.9,1563.6,1428.58,1106.23,720.28
Micronesia (Federated States of),Micronesia (Federated States of),Asia + Pacific,South Pacific,584,FM,FSM,,0,0,0,0,0,,0.3,NULL,0.0,NULL,NULL,NULL,1.3,1.2,1.2,1.2,1.2,1.0,1.4,2.2,2.0,1.9,0.5,0.1,0.5,0.2,0.1,0.2,0.06,0.06,0.03,0.09
Midway Island,United States of America,Asia + Pacific,South Pacific,588,,MID,,0,0,0,0,0,,NULL,NULL,NULL,NULL,NULL,NULL,NULL,NULL,NULL,NULL,NULL,NULL,NULL,NULL,NULL,NULL,NULL,NULL,NULL,NULL,NULL,NULL,NULL,NULL,NULL,NULL
Monaco,Monaco,Europe,Western Europe,596,MC,MCO,,1,0,0,0,0,,8.4,NULL,0.0,8.4,10.3,6.7,0.9,0.0,0.0,0.0,0.0,0.1,0.1,0.1,1.5,0.2,0.1,0.1,0.1,0.1,0.1,0.0,0.01,0.01,0.01,NULL
Mongolia,Mongolia,Asia + Pacific,North East Asia,600,MN,MNG,,0,0,0,0,0,,7.5,NULL,0.0,NULL,NULL,NULL,7.5,12.6,12.7,13.4,12.7,11.4,9.9,7.3,6.2,4.5,4.3,3.3,2.6,2.6,1.9,1.5,1.16,2.87,0.94,0.38
Montenegro,Montenegro,Europe,Central Europe,602,ME,MNE,,0,0,0,0,0,,0.0,NULL,0.0,NULL,NULL,NULL,107.2,107.2,107.2,1.1,1.1,1.1,NULL,NULL,NULL,NULL,NULL,15.4,4.2,0.5,0.9,0.6,0.72,0.94,0.75,0.72
Montserrat,United Kingdom of Great Britain and Northern Ireland,Latin America + Caribbean,Caribbean,604,MS,MSR,,0,0,0,0,0,,NULL,NULL,NULL,NULL,NULL,NULL,NULL,NULL,NULL,NULL,NULL,NULL,NULL,NULL,NULL,NULL,NULL,NULL,NULL,NULL,NULL,NULL,NULL,NULL,NULL,NULL
Morocco,Morocco,Africa,Northern Africa,608,MA,MAR,,0,0,0,0,1,,567.3,625.4,855.8,1335.8,858.3,1288.4,1506.6,1465.0,1304.9,1902.9,1301.5,1456.5,2078.0,1061.6,1177.5,1060.9,595.4,473.7,321.1,212.7,176.4,132.3,129.7,90.84,49.41,49.1
Mozambique,Mozambique,Africa,Southern Africa,612,MZ,MOZ,,0,1,0,1,0,,20.2,NULL,4.3,NULL,NULL,30.1,27.9,42.4,20.2,3.3,15.7,18.8,17.3,14.4,3.1,3.0,7.3,9.0,9.2,10.0,9.88,9.6,8.4,8.17,8.25,NULL
Myanmar,Myanmar,Asia + Pacific,South East Asia,616,MM,MMR,,0,1,0,0,0,,0.7,NULL,0.0,16.6,NULL,3.4,51.2,75.7,57.4,55.3,31.6,26.6,39.4,45.7,53.7,33.0,15.0,1.3,2.4,2.0,4.1,4.5,5.75,9.66,3.02,NULL
Namibia,Namibia,Africa,Southern Africa,620,NA,NAM,,0,0,0,1,0,,21.0,NULL,0.0,NULL,43.7,50.0,42.4,33.9,34.5,31.3,32.7,23.9,24.6,20.0,17.2,7.7,0.0,0.0,11.8,5.8,6.0,10.7,9.95,4.76,7.02,3.64
Nauru,Nauru,Asia + Pacific,South Pacific,624,NR,NRU,,0,0,0,0,0,,0.0,NULL,0.0,NULL,NULL,NULL,0.6,0.5,0.5,0.5,0.4,0.4,0.4,0.0,0.0,0.0,0.0,0.0,0.0,0.0,0.0,0.0,0.01,0.01,0.0,NULL
Nepal,Nepal,Asia + Pacific,South Asia,628,NP,NPL,,0,1,0,0,0,,27.2,NULL,25.0,25.0,25.0,25.0,30.1,32.3,31.2,35.1,27.2,99.2,2.6,2.6,0.9,0.9,0.1,1.2,1.2,1.4,1.2,1.2,1.2,0.74,0.66,NULL
Netherlands,Netherlands,Europe,Western Europe,632,NL,NLD,,1,0,1,0,0,,NULL,NULL,NULL,NULL,NULL,NULL,NULL,NULL,NULL,NULL,NULL,NULL,NULL,NULL,NULL,NULL,NULL,NULL,NULL,NULL,NULL,NULL,NULL,NULL,NULL,NULL
Netherlands Antilles,Netherlands,Latin America + Caribbean,Caribbean,636,AN,ANT,,0,0,0,0,0,,NULL,NULL,NULL,NULL,NULL,NULL,NULL,NULL,NULL,NULL,NULL,NULL,NULL,NULL,NULL,NULL,NULL,NULL,NULL,NULL,NULL,NULL,NULL,NULL,NULL,NULL
New Caledonia,France,Asia + Pacific,South Pacific,640,NC,NCL,,0,0,0,0,0,,NULL,NULL,NULL,NULL,NULL,NULL,NULL,NULL,NULL,NULL,NULL,NULL,NULL,NULL,NULL,NULL,NULL,NULL,NULL,NULL,NULL,NULL,NULL,NULL,NULL,NULL
New Zealand,New Zealand,Asia + Pacific,Australia + New Zealand,644,NZ,NZL,,1,0,1,0,0,,2244.9,1195.4,836.6,721.8,859.1,459.6,322.9,98.7,79.9,49.5,68.1,19.2,32.4,42.8,35.3,32.6,48.6,40.2,33.3,17.8,17.5,11.6,11.5,5.47,8.2,NULL
Nicaragua,Nicaragua,Latin America + Caribbean,Meso America,648,NI,NIC,,0,0,0,0,0,,86.5,86.5,90.0,94.5,100.0,105.6,111.1,86.5,58.7,41.0,58.1,44.4,37.2,64.9,32.2,50.6,39.4,28.5,6.5,3.9,8.6,7.5,5.41,11.87,3.56,5.4
Niger,Niger,Africa,Western Africa,652,NE,NER,,0,1,0,0,0,,15.3,16.0,16.8,18.2,18.1,17.5,18.6,18.1,61.1,62.3,59.8,40.9,44.7,42.4,39.7,38.5,29.5,30.0,20.4,18.9,17.65,16.0,15.92,15.33,14.61,14.32
Nigeria,Nigeria,Africa,Western Africa,656,NG,NGA,,0,0,0,0,0,,590.6,934.0,1046.6,1095.4,2152.9,1946.7,1714.4,5111.1,5503.0,5476.1,4970.5,4810.9,4310.3,3933.3,3119.8,2533.6,497.6,489.8,113.5,312.7,336.5,368.4,402.32,453.4,334.46,NULL
Niue,New Zealand,Asia + Pacific,South Pacific,660,NU,NIU,,0,0,0,0,0,,0.0,NULL,0.0,NULL,NULL,NULL,0.1,0.1,0.0,0.0,0.0,0.0,NULL,NULL,0.0,0.0,0.0,0.0,0.0,0.0,0.0,0.0,0.0,0.0,0.0,NULL
Norfolk Island,Australia,Asia + Pacific,South Pacific,664,NF,NFK,,0,0,0,0,0,,NULL,NULL,NULL,NULL,NULL,NULL,NULL,NULL,NULL,NULL,NULL,NULL,NULL,NULL,NULL,NULL,NULL,NULL,NULL,NULL,NULL,NULL,NULL,NULL,NULL,NULL
Northern Mariana Islands,United States of America,Asia + Pacific,South Pacific,668,MP,MNP,,0,0,0,0,0,,NULL,NULL,NULL,NULL,NULL,NULL,NULL,NULL,NULL,NULL,NULL,NULL,NULL,NULL,NULL,NULL,NULL,NULL,NULL,NULL,NULL,NULL,NULL,NULL,NULL,NULL
Norway,Norway,Europe,Western Europe,672,NO,NOR,,1,0,1,0,0,,1921.9,2195.4,1454.5,845.6,554.5,267.0,92.7,71.4,68.4,51.4,1.5,18.3,0.4,-41.8,-55.8,-84.3,-7.1,-207.5,-46.7,15.6,-5.1,1.7,-0.16,0.0,0.0,NULL
Oman,Oman,West Asia,Arabian Peninsula,680,OM,OMN,,0,0,0,0,1,,714.7,NULL,0.0,451.9,427.7,413.8,262.3,296.3,278.9,290.9,288.1,315.0,229.5,201.5,152.2,118.7,74.1,58.0,29.6,33.2,32.1,32.2,34.82,54.95,28.87,20.37
Pakistan,Pakistan,Asia + Pacific,South Asia,684,PK,PAK,,0,0,0,0,0,,1041.6,1455.8,1795.0,1786.0,2284.4,2447.7,2770.9,2254.3,2088.1,1349.6,2038.1,2599.4,2412.7,2347.2,1786.3,1578.6,606.8,733.3,354.0,356.9,245.3,255.0,276.05,326.23,247.02,239.79
Palau,Palau,Asia + Pacific,South Pacific,688,PW,PLW,,0,0,0,0,0,,0.0,NULL,0.0,NULL,NULL,NULL,1.7,1.1,2.1,80.4,114.1,70.7,70.7,0.2,1.1,1.0,0.2,0.1,0.1,0.1,0.1,0.2,0.17,0.17,0.12,NULL
Panama,Panama,Latin America + Caribbean,Meso America,692,PA,PAN,,0,0,0,0,0,,244.4,269.6,403.9,188.3,375.4,268.6,440.1,355.2,370.6,361.3,313.6,261.0,192.7,204.7,184.7,152.5,113.3,64.8,43.5,40.2,25.0,24.6,23.89,32.77,21.37,19.22
Papua New Guinea,Papua New Guinea,Asia + Pacific,South Pacific,696,PG,PNG,,0,0,0,0,0,,1.3,NULL,28.5,39.4,39.7,56.2,12.8,65.0,39.0,50.0,38.3,52.0,19.3,39.7,26.3,21.0,18.8,7.1,9.5,1.5,3.2,3.3,1.69,3.06,3.02,NULL
Paraguay,Paraguay,Latin America + Caribbean,South America,704,PY,PRY,,0,0,0,0,0,,170.9,NULL,0.0,240.0,190.5,221.0,212.8,182.0,245.9,113.8,369.8,175.5,138.5,105.5,101.1,145.1,266.9,111.7,27.1,39.0,25.9,20.9,16.82,29.33,16.46,17.83
Peru,Peru,Latin America + Caribbean,South America,708,PE,PER,,0,0,0,0,0,,647.9,892.9,708.8,296.9,297.6,298.8,429.2,250.3,271.9,332.7,300.2,385.6,189.8,203.6,191.1,160.6,149.4,99.5,43.4,28.0,27.3,26.45,32.5,26.98,25.81,22.01
Philippines,Philippines,Asia + Pacific,South East Asia,712,PH,PHL,,0,0,0,0,0,,3815.2,3477.2,2322.4,3862.1,3920.4,4263.9,3706.9,3374.3,2973.8,2311.0,2218.9,3064.3,2214.4,1795.1,1622.5,1570.6,1232.9,808.6,325.7,397.4,403.4,222.0,164.89,195.65,136.69,149.42
Pitcairn,United Kingdom of Great Britain and Northern Ireland,Asia + Pacific,South Pacific,716,PN,PCN,,0,0,0,0,0,,NULL,NULL,NULL,NULL,NULL,NULL,NULL,NULL,NULL,NULL,NULL,NULL,NULL,NULL,NULL,NULL,NULL,NULL,NULL,NULL,NULL,NULL,NULL,NULL,NULL,NULL
Poland,Poland,Europe,Central Europe,720,PL,POL,,1,0,1,0,0,,6033.5,5269.0,3510.4,2637.0,2973.6,4163.4,1756.0,712.6,442.9,443.3,330.6,286.8,326.1,351.2,261.0,NULL,NULL,NULL,NULL,NULL,NULL,NULL,NULL,NULL,NULL,NULL
Portugal,Portugal,Europe,Western Europe,724,PT,PRT,,1,0,1,0,0,,NULL,NULL,NULL,NULL,NULL,NULL,NULL,NULL,NULL,NULL,NULL,NULL,NULL,NULL,NULL,NULL,NULL,NULL,NULL,NULL,NULL,NULL,NULL,NULL,NULL,NULL
Puerto Rico,United States of America,Latin America + Caribbean,Caribbean,728,PR,PRI,,0,0,0,0,0,,NULL,NULL,NULL,NULL,NULL,NULL,NULL,NULL,NULL,NULL,NULL,NULL,NULL,NULL,NULL,NULL,NULL,NULL,NULL,NULL,NULL,NULL,NULL,NULL,NULL,NULL
Qatar,Qatar,West Asia,Arabian Peninsula,732,QA,QAT,,0,0,0,0,1,,92.2,NULL,0.0,NULL,NULL,NULL,103.1,112.5,140.5,175.3,135.4,126.0,120.9,105.4,115.9,76.4,52.0,46.4,36.5,43.8,79.7,94.1,96.61,93.57,80.7,NULL
Republic of Korea,Republic of Korea,Asia + Pacific,North East Asia,736,KR,KOR,,1,0,1,0,0,,36030.6,NULL,0.0,41823.2,25913.8,26222.6,15083.1,13888.2,15258.7,8765.3,11574.3,13746.1,10382.3,11745.9,9447.0,7472.3,5337.0,6464.1,4557.2,4052.4,4272.3,2113.9,2119.34,2088.17,1893.13,NULL
Republic of Moldova,Moldova,Europe,Eastern Europe,592,MD,MDA,,0,0,0,0,0,,0.8,NULL,16.6,NULL,NULL,NULL,86.1,73.7,88.3,41.6,11.1,31.7,23.5,29.6,18.9,21.5,15.3,12.7,11.3,2.8,1.2,0.7,1.31,1.88,0.99,0.76
Réunion,France,Africa,Western Indian Ocean,740,RE,REU,,0,0,0,0,0,,NULL,NULL,NULL,NULL,NULL,NULL,NULL,NULL,NULL,NULL,NULL,NULL,NULL,NULL,NULL,NULL,NULL,NULL,NULL,NULL,NULL,NULL,NULL,NULL,NULL,NULL
Romania,Romania,Europe,Central Europe,744,RO,ROU,,0,0,0,0,0,,2320.2,NULL,0.0,NULL,2457.1,4884.5,-824.0,1422.2,618.9,2669.8,-290.4,259.3,231.0,418.6,647.2,320.9,228.9,42.0,NULL,NULL,NULL,NULL,NULL,NULL,NULL,NULL
Russian Federation,Russian Federation,Europe,Eastern Europe,748,RU,RUS,,0,0,0,0,0,,220156.0,130278.5,51464.5,48911.6,29777.0,25860.1,23616.3,13981.2,11977.2,12490.2,15337.9,25717.0,761.5,892.3,938.4,1105.2,776.1,1189.5,1391.3,1457.6,1203.5,1041.8,1134.69,958.93,836.46,684.42
Rwanda,Rwanda,Africa,Eastern Africa,752,RW,RWA,,0,1,0,1,0,,32.3,30.3,29.3,28.6,27.7,20.0,26.7,30.4,34.6,37.9,30.4,30.4,30.4,30.4,30.4,27.4,15.3,15.1,7.4,4.8,3.8,4.4,5.48,3.66,3.78,NULL
Saint Helena,United Kingdom of Great Britain and Northern Ireland,Africa,Southern Africa,756,SH,SHN,,0,0,0,0,0,,NULL,NULL,NULL,NULL,NULL,NULL,NULL,NULL,NULL,NULL,NULL,NULL,NULL,NULL,NULL,NULL,NULL,NULL,NULL,NULL,NULL,NULL,NULL,NULL,NULL,NULL
Saint Kitts and Nevis,Saint Kitts and Nevis,Latin America + Caribbean,Caribbean,760,KN,KNA,,0,0,0,0,0,,6.6,NULL,0.0,6.6,5.6,4.8,4.6,3.9,4.0,2.0,3.0,7.8,7.6,6.3,3.2,3.9,1.8,1.1,0.6,0.4,0.4,0.6,0.49,0.38,0.32,NULL
Saint Lucia,Saint Lucia,Latin America + Caribbean,Caribbean,764,LC,LCA,,0,0,0,0,0,,7.8,NULL,0.0,NULL,11.5,8.3,8.1,8.7,8.8,6.8,3.8,5.0,4.4,7.7,2.5,0.9,1.5,0.9,0.0,0.1,1.37,0.81,1.07,0.75,0.57,0.83
Saint Pierre and Miquelon,France,North America,North America,768,PM,SPM,,0,0,0,0,0,,NULL,NULL,NULL,NULL,NULL,NULL,NULL,NULL,NULL,NULL,NULL,NULL,NULL,NULL,NULL,NULL,NULL,NULL,NULL,NULL,NULL,NULL,NULL,NULL,NULL,NULL
Saint Vincent and the Grenadines,Saint Vincent and the Grenadines,Latin America + Caribbean,Caribbean,772,VC,VCT,,0,0,0,0,0,,2.7,NULL,0.0,NULL,NULL,NULL,2.5,0.8,2.3,2.5,10.5,6.0,6.9,6.4,3.4,2.9,1.5,1.6,0.2,0.1,0.4,0.2,0.3,0.28,0.18,0.09
Samoa,Samoa,Asia + Pacific,South Pacific,776,WS,WSM,,0,1,0,0,0,,4.5,NULL,4.0,4.0,4.0,4.0,4.4,4.5,4.5,2.7,6.4,0.7,2.3,2.6,0.2,0.4,0.2,0.2,0.2,0.1,0.2,0.3,0.29,0.13,0.11,0.08
San Marino,San Marino,Europe,Western Europe,780,SM,SMR,,0,0,0,0,0,,19.0,NULL,0.5,NULL,NULL,NULL,NULL,NULL,NULL,NULL,NULL,NULL,NULL,NULL,NULL,NULL,NULL,NULL,NULL,NULL,0.0,0.0,0.0,0.0,0.0,NULL
Sao Tome and Principe,Sao Tome and Principe,Africa,Central Africa,784,ST,STP,,0,1,0,1,0,,2.1,2.5,3.0,4.1,4.1,4.1,4.8,4.3,5.3,3.9,3.5,4.0,4.2,4.4,4.7,4.1,2.3,1.7,0.5,0.3,4.1,0.2,0.14,0.13,0.1,NULL
Saudi Arabia,Saudi Arabia,West Asia,Arabian Peninsula,788,SA,SAU,,0,0,0,0,1,,3687.8,NULL,0.0,3850.0,3515.2,4989.0,4444.0,3662.6,3027.9,3207.9,2194.7,1942.5,2055.1,1926.4,1476.0,1604.4,1145.4,1612.6,1615.8,1643.6,1648.9,1611.4,1780.16,1943.29,1440.33,1448.13
Senegal,Senegal,Africa,Western Africa,792,SN,SEN,,0,1,0,0,0,,701.3,96.8,868.9,313.1,801.9,879.8,855.9,298.4,244.0,137.9,121.8,138.0,120.0,94.8,74.9,65.9,57.6,54.7,46.6,42.9,39.8,37.5,36.14,36.14,7.7,NULL
Serbia,Serbia,Europe,Central Europe,794,RS,SRB,,0,0,0,0,0,,1841.8,1448.8,1198.8,1079.0,999.0,868.0,873.6,927.2,840.4,551.7,597.8,357.4,317.7,384.9,418.2,297.4,76.5,244.3,63.8,88.0,29.7,7.8,12.54,10.95,8.06,8.03
Seychelles,Seychelles,Africa,Western Indian Ocean,796,SC,SYC,,0,0,0,1,0,,1.7,3.5,4.4,5.5,11.2,3.8,4.0,2.4,3.0,2.7,1.6,0.9,0.8,166.1,1.1,0.5,0.4,0.6,2.3,0.6,1.4,1.3,0.93,1.01,0.55,0.43
Sierra Leone,Sierra Leone,Africa,Western Africa,800,SL,SLE,,0,1,0,0,0,,104.8,102.5,100.1,97.4,91.2,86.0,84.2,111.5,106.2,101.1,92.9,90.3,105.7,84.4,84.1,87.4,27.2,19.6,12.0,5.8,7.7,1.8,1.87,2.59,0.84,NULL
Singapore,Singapore,Asia + Pacific,South East Asia,804,SG,SGP,,1,0,0,0,0,,1920.1,4854.2,1823.2,2354.8,2816.3,1154.3,991.8,173.5,-31.5,123.0,186.8,168.0,157.5,146.7,181.2,215.8,150.7,331.1,162.6,168.7,226.9,207.0,111.56,169.27,116.7,NULL
Slovakia,Slovakia,Europe,Central Europe,808,SK,SVK,,1,0,1,0,0,,2102.0,NULL,6.0,918.1,1299.1,634.3,391.3,1.2,10.2,12.6,3.7,5.0,6.8,4.5,3.5,NULL,NULL,NULL,NULL,NULL,NULL,NULL,NULL,NULL,NULL,NULL
Slovenia,Slovenia,Europe,Central Europe,812,SI,SVN,,1,0,0,0,0,,2493.6,1336.1,1152.9,1207.8,684.9,636.3,419.3,11.5,9.0,7.5,6.0,7.8,9.3,6.5,6.6,NULL,NULL,NULL,NULL,NULL,NULL,NULL,NULL,NULL,NULL,NULL
Solomon Islands,Solomon Islands,Asia + Pacific,South Pacific,816,SB,SLB,,0,1,0,0,0,,0.0,2.1,2.4,4.5,5.1,0.3,2.4,2.2,2.3,1.1,6.7,0.8,1.1,5.7,1.0,1.5,1.1,2.4,0.9,1.2,1.6,2.3,2.04,1.62,0.17,0.26
Somalia,Somalia,Africa,Eastern Africa,820,SO,SOM,,0,1,0,1,1,,286.7,269.6,58.7,32.2,38.2,45.0,260.1,259.4,260.8,266.9,69.6,87.7,111.2,124.1,135.1,122.1,111.9,107.3,97.0,24.7,50.5,45.3,45.2,17.63,16.46,NULL
South Africa,South Africa,Africa,Southern Africa,824,ZA,ZAF,,0,0,0,1,0,,23921.7,18726.3,7125.3,10327.9,6405.6,3390.5,2496.6,798.5,953.7,1019.9,975.1,815.3,723.6,848.8,915.2,836.1,716.1,552.6,576.4,778.0,730.1,780.1,667.25,575.44,426.44,NULL
South Sudan,South Sudan,Africa,Eastern Africa,846,SS,SSD,,0,1,0,1,0,,NULL,NULL,NULL,NULL,NULL,NULL,NULL,NULL,NULL,NULL,NULL,NULL,NULL,NULL,NULL,NULL,NULL,NULL,NULL,NULL,NULL,NULL,NULL,NULL,NULL,NULL
Spain,Spain,Europe,Western Europe,832,ES,ESP,,1,0,1,0,0,,NULL,NULL,NULL,NULL,NULL,NULL,NULL,NULL,NULL,NULL,NULL,NULL,NULL,NULL,NULL,NULL,NULL,NULL,NULL,NULL,NULL,NULL,NULL,NULL,NULL,NULL
Sri Lanka,Sri Lanka,Asia + Pacific,South Asia,840,LK,LKA,,0,0,0,0,0,,1.6,218.2,215.2,240.4,332.5,377.7,552.2,566.2,355.4,314.6,273.5,252.0,227.5,227.4,212.8,198.8,163.6,117.7,77.6,10.3,13.5,14.5,16.33,18.02,13.37,12.89
State of Palestine,State of Palestine,West Asia,Mashriq,676,PS,PSE,,0,0,0,0,1,,NULL,NULL,NULL,NULL,NULL,NULL,NULL,NULL,NULL,NULL,NULL,NULL,NULL,NULL,NULL,NULL,NULL,NULL,NULL,NULL,NULL,NULL,NULL,NULL,NULL,NULL
Sudan,Sudan,Africa,Northern Africa,844,SD,SDN,,0,1,0,1,1,,505.9,NULL,612.2,NULL,333.7,355.8,643.8,436.4,314.8,299.7,299.7,296.7,271.2,258.2,218.9,242.7,227.2,163.9,106.4,92.8,73.4,56.2,56.2,60.11,51.94,NULL
Suriname,Suriname,Latin America + Caribbean,South America,848,SR,SUR,,0,0,0,0,0,,42.0,NULL,43.1,NULL,NULL,NULL,46.0,46.0,47.0,47.0,48.0,49.0,51.0,51.0,12.4,9.6,8.5,1.4,2.7,0.7,2.7,1.3,4.01,1.51,1.24,NULL
Svalbard and Jan Mayen Islands,Norway,Europe,Western Europe,852,SJ,SJM,,0,0,0,0,0,,NULL,NULL,NULL,NULL,NULL,NULL,NULL,NULL,NULL,NULL,NULL,NULL,NULL,NULL,NULL,NULL,NULL,NULL,NULL,NULL,NULL,NULL,NULL,NULL,NULL,NULL
Swaziland,Swaziland,Africa,Southern Africa,856,SZ,SWZ,,0,0,0,1,0,,12.9,NULL,0.8,NULL,97.0,94.6,36.0,23.8,17.8,3.7,3.5,1.3,2.1,2.4,2.2,3.5,6.0,1.2,5.6,8.6,9.5,5.0,3.14,3.74,1.18,1.47
Sweden,Sweden,Europe,Western Europe,860,SE,SWE,,1,0,1,0,0,,2627.9,2621.3,1648.3,1691.9,1051.1,418.2,NULL,NULL,NULL,NULL,NULL,NULL,NULL,NULL,NULL,NULL,NULL,NULL,NULL,NULL,NULL,NULL,NULL,NULL,NULL,NULL
Switzerland,Switzerland,Europe,Western Europe,864,CH,CHE,,1,0,1,0,0,,5099.9,3393.6,2883.0,1902.8,1585.9,950.2,380.7,13.4,11.0,15.9,25.4,30.2,27.2,26.2,16.2,2.1,-16.1,10.6,9.5,10.0,12.0,1.6,1.35,0.9,1.4,NULL
Syrian Arab Republic,Syrian Arab Republic,West Asia,Mashriq,868,SY,SYR,,0,0,0,0,1,,1234.2,1275.4,1398.8,1492.5,1578.5,2846.5,3007.5,3015.0,2756.2,1741.5,1808.5,1712.5,1988.9,1754.1,1654.1,1302.2,1100.3,710.8,372.3,289.8,230.7,167.5,176.57,83.18,28.03,NULL
Taiwan Province of China,China,Asia + Pacific,North East Asia,185,TW,TWN,,,,,,,,NULL,NULL,NULL,NULL,NULL,NULL,NULL,NULL,NULL,NULL,NULL,NULL,NULL,NULL,NULL,NULL,NULL,NULL,NULL,NULL,NULL,NULL,NULL,NULL,NULL,NULL
Tajikistan,Tajikistan,Europe,Central Asia,876,TJ,TJK,,0,0,0,0,0,,645.1,NULL,93.3,NULL,NULL,NULL,32.7,38.2,51.6,60.1,52.4,28.7,29.4,12.6,5.9,3.1,3.5,3.6,3.8,3.9,2.6,2.8,2.9,3.03,2.28,NULL
Thailand,Thailand,Asia + Pacific,South East Asia,880,TH,THA,,0,0,0,0,0,,5544.2,6984.2,9683.8,10473.1,9292.6,7766.3,9320.9,6648.7,5471.8,4739.4,4971.7,5104.6,5204.7,3612.5,3152.1,2528.5,2317.3,1464.4,1380.6,1197.5,1012.0,1088.8,832.04,1171.64,863.32,NULL
The former Yugoslav Republic of Macedonia,The former Yugoslav Republic of Macedonia,Europe,Central Europe,884,MK,MKD,,0,0,0,0,0,,1174.0,NULL,12.0,NULL,NULL,246.0,601.5,558.4,537.1,79.4,220.4,77.9,77.0,43.2,55.3,13.6,13.7,9.1,1.2,2.0,2.29,1.3,0.9,0.74,0.72,0.57
Timor-Leste,Timor-Leste,Asia + Pacific,South East Asia,886,TL,TLS,,0,1,0,0,0,,0.0,NULL,0.3,NULL,NULL,NULL,40.5,41.0,33.6,25.9,23.6,21.6,NULL,NULL,NULL,NULL,NULL,NULL,2.7,NULL,0.9,0.5,0.15,0.21,0.29,0.31
Togo,Togo,Africa,Western Africa,888,TG,TGO,,0,1,0,0,0,,39.9,41.0,42.8,44.5,46.4,48.3,50.4,33.7,35.2,36.7,41.7,41.0,37.9,35.3,37.7,30.1,21.7,12.7,9.9,9.4,20.3,20.6,19.14,19.8,18.98,17.88
Tokelau,New Zealand,Asia + Pacific,South Pacific,892,TK,TKL,,0,0,0,0,0,,NULL,NULL,NULL,NULL,NULL,NULL,NULL,NULL,NULL,NULL,NULL,NULL,NULL,NULL,NULL,NULL,NULL,NULL,NULL,NULL,NULL,NULL,NULL,NULL,NULL,NULL
Tonga,Tonga,Asia + Pacific,South Pacific,896,TO,TON,,0,0,0,0,0,,1.8,NULL,0.4,NULL,NULL,NULL,2.2,1.4,1.4,0.0,83.4,0.5,0.8,1.0,0.3,0.1,0.0,0.0,0.1,0.2,0.1,0.1,0.07,0.05,0.04,0.02
Trinidad and Tobago,Trinidad and Tobago,Latin America + Caribbean,Caribbean,900,TT,TTO,,0,0,0,0,0,,208.4,196.6,168.7,137.1,116.6,157.7,163.7,170.0,190.7,214.8,100.2,109.1,90.7,93.9,74.4,54.9,52.1,73.0,45.8,56.8,38.5,54.1,34.34,88.9,39.5,26.55
Tunisia,Tunisia,Africa,Northern Africa,904,TN,TUN,,0,0,0,0,1,,754.3,742.2,1084.8,646.8,698.5,523.1,811.6,1011.1,1155.6,974.7,739.4,625.6,656.1,552.5,440.1,355.5,284.5,100.5,55.6,59.2,67.5,43.6,40.5,39.29,38.71,NULL
Turkey,Turkey,Europe,Central Europe,908,TR,TUR,,0,0,1,0,0,,3493.1,4361.0,3720.6,4628.4,5050.5,3170.1,4606.9,4904.2,4655.4,4960.4,2439.0,1592.0,1154.9,1291.9,1048.8,867.9,774.6,901.1,937.2,762.5,609.9,493.03,427.23,318.18,147.02,NULL
Turkmenistan,Turkmenistan,Europe,Central Asia,912,TM,TKM,,0,0,0,0,0,,177.9,145.2,100.6,70.0,63.7,58.6,56.7,31.1,27.2,40.8,19.8,23.6,62.1,10.9,63.6,59.2,27.3,22.4,8.3,10.1,13.1,9.6,5.83,7.73,4.16,2.7
Turks and Caicos Islands,United Kingdom of Great Britain and Northern Ireland,Latin America + Caribbean,Caribbean,916,TC,TCA,,0,0,0,0,0,,NULL,NULL,NULL,NULL,NULL,NULL,NULL,NULL,NULL,NULL,NULL,NULL,NULL,NULL,NULL,NULL,NULL,NULL,NULL,NULL,NULL,NULL,NULL,NULL,NULL,NULL
Tuvalu,Tuvalu,Asia + Pacific,South Pacific,920,TV,TUV,,0,1,0,0,0,,0.3,NULL,0.0,NULL,0.3,0.3,0.3,0.4,0.3,0.3,0.2,0.0,0.0,0.0,0.0,0.0,0.0,0.0,0.0,0.0,0.1,0.1,0.01,0.02,0.0,0.0
Uganda,Uganda,Africa,Eastern Africa,924,UG,UGA,,0,1,0,1,0,,14.0,14.4,14.9,15.8,21.0,10.1,14.2,15.7,24.5,24.7,24.5,30.5,37.6,44.8,28.6,24.3,6.5,0.0,0.0,0.0,0.0,0.3,0.12,0.05,0.0,NULL
Ukraine,Ukraine,Europe,Eastern Europe,928,UA,UKR,,0,0,0,0,0,,4555.7,4555.7,4555.7,3471.7,1726.0,2470.7,1172.6,1042.5,-756.3,3935.3,956.8,864.1,1099.6,145.5,158.2,164.3,133.5,97.3,93.5,75.0,63.5,86.9,93.29,93.29,59.4,NULL
United Arab Emirates,United Arab Emirates,West Asia,Arabian Peninsula,932,AE,ARE,,0,0,0,0,1,,837.4,850.2,1029.2,1063.7,1060.8,645.5,717.4,616.0,712.6,856.8,671.0,625.8,637.5,624.2,612.0,645.3,659.4,541.1,512.8,560.7,559.5,583.6,641.8,692.62,539.4,NULL
United Kingdom of Great Britain and Northern Ireland,United Kingdom of Great Britain and Northern Ireland,Europe,Western Europe,936,GB,GBR,,1,0,1,0,0,,NULL,NULL,NULL,NULL,NULL,NULL,NULL,NULL,NULL,NULL,NULL,NULL,NULL,NULL,NULL,NULL,NULL,NULL,NULL,NULL,NULL,NULL,NULL,NULL,NULL,NULL
United Republic of Tanzania,United Republic of Tanzania,Africa,Southern Africa,940,TZ,TZA,,0,1,0,1,0,,89.9,NULL,0.0,NULL,188.3,266.1,284.1,297.5,225.2,131.8,99.6,215.5,131.2,71.5,148.2,98.8,104.3,59.8,34.2,22.3,11.7,2.0,9.97,9.45,1.64,NULL
United States of America,United States of America,North America,North America,944,US,USA,,1,0,1,0,0,,407115.4,232862.2,223032.2,203694.4,192481.3,102786.1,48420.8,14886.7,-2980.6,-2916.6,13034.7,3971.9,22122.2,16206.7,12418.7,13807.6,10901.2,10850.0,8520.6,6236.8,4285.2,2332.5,1629.78,-67.8,714.38,NULL
United States Virgin Islands,United States of America,Latin America + Caribbean,Caribbean,948,VI,VIR,,0,0,0,0,0,,NULL,NULL,NULL,NULL,NULL,NULL,NULL,NULL,NULL,NULL,NULL,NULL,NULL,NULL,NULL,NULL,NULL,NULL,NULL,NULL,NULL,NULL,NULL,NULL,NULL,NULL
Uruguay,Uruguay,Latin America + Caribbean,South America,952,UY,URY,,0,0,0,0,0,,568.0,NULL,464.8,326.8,241.1,339.7,258.4,187.1,223.5,218.4,143.1,141.3,152.0,100.9,129.4,115.3,119.1,106.1,55.7,53.9,36.8,30.6,23.62,34.05,15.47,17.8
Uzbekistan,Uzbekistan,Europe,Central Asia,956,UZ,UZB,,0,0,0,0,0,,2537.3,NULL,4.4,NULL,675.7,278.7,304.4,274.4,57.9,120.1,53.1,44.2,18.1,0.8,2.3,1.8,3.5,3.8,0.1,2.3,1.8,0.9,4.14,2.44,4.58,NULL
Vanuatu,Vanuatu,Asia + Pacific,South Pacific,960,VU,VUT,,0,1,0,0,0,,0.0,NULL,0.0,NULL,NULL,NULL,0.5,0.0,0.4,0.0,0.0,0.0,0.0,0.0,0.0,0.0,0.0,0.1,0.6,1.0,0.1,0.5,0.08,0.06,0.06,0.04
Venezuela (Bolivarian Republic of),Venezuela Bolivarian Republic of,Latin America + Caribbean,South America,964,VE,VEN,,0,0,0,0,0,,3891.3,4808.6,4262.5,4661.9,3885.2,3274.0,5074.8,3139.9,3842.2,3294.2,5316.6,2905.1,2788.6,1653.0,1390.7,3174.2,1946.0,2626.4,146.0,133.5,165.3,197.7,165.07,246.14,139.89,NULL
Viet Nam,Viet Nam,Asia + Pacific,South East Asia,968,VN,VNM,,0,0,0,0,0,,334.2,NULL,430.0,NULL,NULL,476.5,700.1,748.6,790.0,565.0,466.2,369.4,353.7,447.4,404.6,419.3,458.7,401.1,298.2,277.5,289.3,311.7,292.87,269.93,252.85,236.72
Wake Island,United States of America,Asia + Pacific,South Pacific,972,,WAK,,0,0,0,0,0,,NULL,NULL,NULL,NULL,NULL,NULL,NULL,NULL,NULL,NULL,NULL,NULL,NULL,NULL,NULL,NULL,NULL,NULL,NULL,NULL,NULL,NULL,NULL,NULL,NULL,NULL
Wallis and Futuna,France,Asia + Pacific,South Pacific,976,WF,WLF,,0,0,0,0,0,,NULL,NULL,NULL,NULL,NULL,NULL,NULL,NULL,NULL,NULL,NULL,NULL,NULL,NULL,NULL,NULL,NULL,NULL,NULL,NULL,NULL,NULL,NULL,NULL,NULL,NULL
Western Sahara,Western Sahara,Africa,Northern Africa,980,EH,ESH,,0,0,0,0,0,,NULL,NULL,NULL,NULL,NULL,NULL,NULL,NULL,NULL,NULL,NULL,NULL,NULL,NULL,NULL,NULL,NULL,NULL,NULL,NULL,NULL,NULL,NULL,NULL,NULL,NULL
Yemen,Yemen,West Asia,Arabian Peninsula,984,YE,YEM,,0,1,0,0,1,,20.9,NULL,27.0,NULL,NULL,NULL,2563.8,1925.4,1581.1,1279.6,1238.7,1253.4,1236.2,1135.8,873.6,856.8,818.3,535.3,427.5,431.0,314.6,178.19,89.98,112.94,127.16,NULL
Zambia,Zambia,Africa,Southern Africa,992,ZM,ZMB,,0,1,0,1,0,,22.3,34.6,26.3,31.8,31.2,64.0,50.2,60.9,63.4,57.7,55.4,53.2,26.8,24.0,22.9,22.2,20.5,13.3,10.8,6.9,3.9,11.2,9.23,8.8,4.99,4.4
Zimbabwe,Zimbabwe,Africa,Southern Africa,996,ZW,ZWE,,0,0,0,1,0,,494.3,NULL,390.0,NULL,676.3,907.1,891.2,901.3,1051.3,1249.6,719.5,524.9,836.7,345.8,227.4,303.4,212.3,229.4,92.3,37.3,40.8,29.3,22.22,16.2,15.76,13.32
