"rodzaj","gracz","color","nazwa","n","typ"
"blitz","grooney","black","a",614,"Pawns_moves"
"blitz","grooney","black","b",606,"Pawns_moves"
"blitz","grooney","black","c",963,"Pawns_moves"
"blitz","grooney","black","d",891,"Pawns_moves"
"blitz","grooney","black","e",844,"Pawns_moves"
"blitz","grooney","black","f",512,"Pawns_moves"
"blitz","grooney","black","g",585,"Pawns_moves"
"blitz","grooney","black","h",515,"Pawns_moves"
"blitz","grooney","both","a",1086,"Pawns_moves"
"blitz","grooney","both","b",1085,"Pawns_moves"
"blitz","grooney","both","c",1717,"Pawns_moves"
"blitz","grooney","both","d",1820,"Pawns_moves"
"blitz","grooney","both","e",1919,"Pawns_moves"
"blitz","grooney","both","f",1075,"Pawns_moves"
"blitz","grooney","both","g",1094,"Pawns_moves"
"blitz","grooney","both","h",1079,"Pawns_moves"
"blitz","grooney","white","a",472,"Pawns_moves"
"blitz","grooney","white","b",479,"Pawns_moves"
"blitz","grooney","white","c",754,"Pawns_moves"
"blitz","grooney","white","d",929,"Pawns_moves"
"blitz","grooney","white","e",1075,"Pawns_moves"
"blitz","grooney","white","f",563,"Pawns_moves"
"blitz","grooney","white","g",509,"Pawns_moves"
"blitz","grooney","white","h",564,"Pawns_moves"
"blitz","Mlodziak77","black","a",444,"Pawns_moves"
"blitz","Mlodziak77","black","b",445,"Pawns_moves"
"blitz","Mlodziak77","black","c",622,"Pawns_moves"
"blitz","Mlodziak77","black","d",913,"Pawns_moves"
"blitz","Mlodziak77","black","e",958,"Pawns_moves"
"blitz","Mlodziak77","black","f",410,"Pawns_moves"
"blitz","Mlodziak77","black","g",456,"Pawns_moves"
"blitz","Mlodziak77","black","h",507,"Pawns_moves"
"blitz","Mlodziak77","both","a",870,"Pawns_moves"
"blitz","Mlodziak77","both","b",850,"Pawns_moves"
"blitz","Mlodziak77","both","c",1332,"Pawns_moves"
"blitz","Mlodziak77","both","d",1932,"Pawns_moves"
"blitz","Mlodziak77","both","e",2205,"Pawns_moves"
"blitz","Mlodziak77","both","f",1096,"Pawns_moves"
"blitz","Mlodziak77","both","g",831,"Pawns_moves"
"blitz","Mlodziak77","both","h",991,"Pawns_moves"
"blitz","Mlodziak77","white","a",426,"Pawns_moves"
"blitz","Mlodziak77","white","b",405,"Pawns_moves"
"blitz","Mlodziak77","white","c",710,"Pawns_moves"
"blitz","Mlodziak77","white","d",1019,"Pawns_moves"
"blitz","Mlodziak77","white","e",1247,"Pawns_moves"
"blitz","Mlodziak77","white","f",686,"Pawns_moves"
"blitz","Mlodziak77","white","g",375,"Pawns_moves"
"blitz","Mlodziak77","white","h",484,"Pawns_moves"
"blitz","tymekkk","black","a",480,"Pawns_moves"
"blitz","tymekkk","black","b",436,"Pawns_moves"
"blitz","tymekkk","black","c",774,"Pawns_moves"
"blitz","tymekkk","black","d",761,"Pawns_moves"
"blitz","tymekkk","black","e",811,"Pawns_moves"
"blitz","tymekkk","black","f",457,"Pawns_moves"
"blitz","tymekkk","black","g",364,"Pawns_moves"
"blitz","tymekkk","black","h",408,"Pawns_moves"
"blitz","tymekkk","both","a",912,"Pawns_moves"
"blitz","tymekkk","both","b",811,"Pawns_moves"
"blitz","tymekkk","both","c",1410,"Pawns_moves"
"blitz","tymekkk","both","d",1483,"Pawns_moves"
"blitz","tymekkk","both","e",1693,"Pawns_moves"
"blitz","tymekkk","both","f",998,"Pawns_moves"
"blitz","tymekkk","both","g",764,"Pawns_moves"
"blitz","tymekkk","both","h",867,"Pawns_moves"
"blitz","tymekkk","white","a",432,"Pawns_moves"
"blitz","tymekkk","white","b",375,"Pawns_moves"
"blitz","tymekkk","white","c",636,"Pawns_moves"
"blitz","tymekkk","white","d",722,"Pawns_moves"
"blitz","tymekkk","white","e",882,"Pawns_moves"
"blitz","tymekkk","white","f",541,"Pawns_moves"
"blitz","tymekkk","white","g",400,"Pawns_moves"
"blitz","tymekkk","white","h",459,"Pawns_moves"
"bullet","grooney","black","a",3745,"Pawns_moves"
"bullet","grooney","black","b",3827,"Pawns_moves"
"bullet","grooney","black","c",5603,"Pawns_moves"
"bullet","grooney","black","d",6184,"Pawns_moves"
"bullet","grooney","black","e",6100,"Pawns_moves"
"bullet","grooney","black","f",2967,"Pawns_moves"
"bullet","grooney","black","g",3198,"Pawns_moves"
"bullet","grooney","black","h",3562,"Pawns_moves"
"bullet","grooney","both","a",7244,"Pawns_moves"
"bullet","grooney","both","b",6786,"Pawns_moves"
"bullet","grooney","both","c",9994,"Pawns_moves"
"bullet","grooney","both","d",12298,"Pawns_moves"
"bullet","grooney","both","e",13112,"Pawns_moves"
"bullet","grooney","both","f",6548,"Pawns_moves"
"bullet","grooney","both","g",6748,"Pawns_moves"
"bullet","grooney","both","h",7681,"Pawns_moves"
"bullet","grooney","white","a",3499,"Pawns_moves"
"bullet","grooney","white","b",2959,"Pawns_moves"
"bullet","grooney","white","c",4391,"Pawns_moves"
"bullet","grooney","white","d",6114,"Pawns_moves"
"bullet","grooney","white","e",7012,"Pawns_moves"
"bullet","grooney","white","f",3581,"Pawns_moves"
"bullet","grooney","white","g",3550,"Pawns_moves"
"bullet","grooney","white","h",4119,"Pawns_moves"
"bullet","Mlodziak77","black","a",80,"Pawns_moves"
"bullet","Mlodziak77","black","b",96,"Pawns_moves"
"bullet","Mlodziak77","black","c",123,"Pawns_moves"
"bullet","Mlodziak77","black","d",166,"Pawns_moves"
"bullet","Mlodziak77","black","e",167,"Pawns_moves"
"bullet","Mlodziak77","black","f",97,"Pawns_moves"
"bullet","Mlodziak77","black","g",98,"Pawns_moves"
"bullet","Mlodziak77","black","h",76,"Pawns_moves"
"bullet","Mlodziak77","both","a",151,"Pawns_moves"
"bullet","Mlodziak77","both","b",188,"Pawns_moves"
"bullet","Mlodziak77","both","c",239,"Pawns_moves"
"bullet","Mlodziak77","both","d",333,"Pawns_moves"
"bullet","Mlodziak77","both","e",367,"Pawns_moves"
"bullet","Mlodziak77","both","f",194,"Pawns_moves"
"bullet","Mlodziak77","both","g",183,"Pawns_moves"
"bullet","Mlodziak77","both","h",144,"Pawns_moves"
"bullet","Mlodziak77","white","a",71,"Pawns_moves"
"bullet","Mlodziak77","white","b",92,"Pawns_moves"
"bullet","Mlodziak77","white","c",116,"Pawns_moves"
"bullet","Mlodziak77","white","d",167,"Pawns_moves"
"bullet","Mlodziak77","white","e",200,"Pawns_moves"
"bullet","Mlodziak77","white","f",97,"Pawns_moves"
"bullet","Mlodziak77","white","g",85,"Pawns_moves"
"bullet","Mlodziak77","white","h",68,"Pawns_moves"
"rapid","grooney","black","a",98,"Pawns_moves"
"rapid","grooney","black","b",93,"Pawns_moves"
"rapid","grooney","black","c",187,"Pawns_moves"
"rapid","grooney","black","d",172,"Pawns_moves"
"rapid","grooney","black","e",187,"Pawns_moves"
"rapid","grooney","black","f",72,"Pawns_moves"
"rapid","grooney","black","g",91,"Pawns_moves"
"rapid","grooney","black","h",108,"Pawns_moves"
"rapid","grooney","both","a",215,"Pawns_moves"
"rapid","grooney","both","b",174,"Pawns_moves"
"rapid","grooney","both","c",321,"Pawns_moves"
"rapid","grooney","both","d",358,"Pawns_moves"
"rapid","grooney","both","e",424,"Pawns_moves"
"rapid","grooney","both","f",177,"Pawns_moves"
"rapid","grooney","both","g",179,"Pawns_moves"
"rapid","grooney","both","h",236,"Pawns_moves"
"rapid","grooney","white","a",117,"Pawns_moves"
"rapid","grooney","white","b",81,"Pawns_moves"
"rapid","grooney","white","c",134,"Pawns_moves"
"rapid","grooney","white","d",186,"Pawns_moves"
"rapid","grooney","white","e",237,"Pawns_moves"
"rapid","grooney","white","f",105,"Pawns_moves"
"rapid","grooney","white","g",88,"Pawns_moves"
"rapid","grooney","white","h",128,"Pawns_moves"
"rapid","Mlodziak77","black","a",68,"Pawns_moves"
"rapid","Mlodziak77","black","b",74,"Pawns_moves"
"rapid","Mlodziak77","black","c",134,"Pawns_moves"
"rapid","Mlodziak77","black","d",185,"Pawns_moves"
"rapid","Mlodziak77","black","e",184,"Pawns_moves"
"rapid","Mlodziak77","black","f",74,"Pawns_moves"
"rapid","Mlodziak77","black","g",93,"Pawns_moves"
"rapid","Mlodziak77","black","h",77,"Pawns_moves"
"rapid","Mlodziak77","both","a",138,"Pawns_moves"
"rapid","Mlodziak77","both","b",155,"Pawns_moves"
"rapid","Mlodziak77","both","c",264,"Pawns_moves"
"rapid","Mlodziak77","both","d",374,"Pawns_moves"
"rapid","Mlodziak77","both","e",398,"Pawns_moves"
"rapid","Mlodziak77","both","f",184,"Pawns_moves"
"rapid","Mlodziak77","both","g",159,"Pawns_moves"
"rapid","Mlodziak77","both","h",154,"Pawns_moves"
"rapid","Mlodziak77","white","a",70,"Pawns_moves"
"rapid","Mlodziak77","white","b",81,"Pawns_moves"
"rapid","Mlodziak77","white","c",130,"Pawns_moves"
"rapid","Mlodziak77","white","d",189,"Pawns_moves"
"rapid","Mlodziak77","white","e",214,"Pawns_moves"
"rapid","Mlodziak77","white","f",110,"Pawns_moves"
"rapid","Mlodziak77","white","g",66,"Pawns_moves"
"rapid","Mlodziak77","white","h",77,"Pawns_moves"
"bullet","tymekkk","black","a",0,"Pawns_moves"
"bullet","tymekkk","black","b",0,"Pawns_moves"
"bullet","tymekkk","black","c",0,"Pawns_moves"
"bullet","tymekkk","black","d",0,"Pawns_moves"
"bullet","tymekkk","black","e",0,"Pawns_moves"
"bullet","tymekkk","black","f",0,"Pawns_moves"
"bullet","tymekkk","black","g",0,"Pawns_moves"
"bullet","tymekkk","black","h",0,"Pawns_moves"
"bullet","tymekkk","white","a",0,"Pawns_moves"
"bullet","tymekkk","white","b",0,"Pawns_moves"
"bullet","tymekkk","white","c",0,"Pawns_moves"
"bullet","tymekkk","white","d",0,"Pawns_moves"
"bullet","tymekkk","white","e",0,"Pawns_moves"
"bullet","tymekkk","white","f",0,"Pawns_moves"
"bullet","tymekkk","white","g",0,"Pawns_moves"
"bullet","tymekkk","white","h",0,"Pawns_moves"
"bullet","tymekkk","both","a",0,"Pawns_moves"
"bullet","tymekkk","both","b",0,"Pawns_moves"
"bullet","tymekkk","both","c",0,"Pawns_moves"
"bullet","tymekkk","both","d",0,"Pawns_moves"
"bullet","tymekkk","both","e",0,"Pawns_moves"
"bullet","tymekkk","both","f",0,"Pawns_moves"
"bullet","tymekkk","both","g",0,"Pawns_moves"
"bullet","tymekkk","both","h",0,"Pawns_moves"
"rapid","tymekkk","black","a",0,"Pawns_moves"
"rapid","tymekkk","black","b",0,"Pawns_moves"
"rapid","tymekkk","black","c",0,"Pawns_moves"
"rapid","tymekkk","black","d",0,"Pawns_moves"
"rapid","tymekkk","black","e",0,"Pawns_moves"
"rapid","tymekkk","black","f",0,"Pawns_moves"
"rapid","tymekkk","black","g",0,"Pawns_moves"
"rapid","tymekkk","black","h",0,"Pawns_moves"
"rapid","tymekkk","white","a",0,"Pawns_moves"
"rapid","tymekkk","white","b",0,"Pawns_moves"
"rapid","tymekkk","white","c",0,"Pawns_moves"
"rapid","tymekkk","white","d",0,"Pawns_moves"
"rapid","tymekkk","white","e",0,"Pawns_moves"
"rapid","tymekkk","white","f",0,"Pawns_moves"
"rapid","tymekkk","white","g",0,"Pawns_moves"
"rapid","tymekkk","white","h",0,"Pawns_moves"
"rapid","tymekkk","both","a",0,"Pawns_moves"
"rapid","tymekkk","both","b",0,"Pawns_moves"
"rapid","tymekkk","both","c",0,"Pawns_moves"
"rapid","tymekkk","both","d",0,"Pawns_moves"
"rapid","tymekkk","both","e",0,"Pawns_moves"
"rapid","tymekkk","both","f",0,"Pawns_moves"
"rapid","tymekkk","both","g",0,"Pawns_moves"
"rapid","tymekkk","both","h",0,"Pawns_moves"
"blitz","grooney","black","a",90,"Pawns_captures"
"blitz","grooney","black","b",123,"Pawns_captures"
"blitz","grooney","black","c",299,"Pawns_captures"
"blitz","grooney","black","d",251,"Pawns_captures"
"blitz","grooney","black","e",204,"Pawns_captures"
"blitz","grooney","black","f",143,"Pawns_captures"
"blitz","grooney","black","g",124,"Pawns_captures"
"blitz","grooney","black","h",90,"Pawns_captures"
"blitz","grooney","both","a",172,"Pawns_captures"
"blitz","grooney","both","b",235,"Pawns_captures"
"blitz","grooney","both","c",501,"Pawns_captures"
"blitz","grooney","both","d",453,"Pawns_captures"
"blitz","grooney","both","e",470,"Pawns_captures"
"blitz","grooney","both","f",302,"Pawns_captures"
"blitz","grooney","both","g",224,"Pawns_captures"
"blitz","grooney","both","h",163,"Pawns_captures"
"blitz","grooney","white","a",82,"Pawns_captures"
"blitz","grooney","white","b",112,"Pawns_captures"
"blitz","grooney","white","c",202,"Pawns_captures"
"blitz","grooney","white","d",202,"Pawns_captures"
"blitz","grooney","white","e",266,"Pawns_captures"
"blitz","grooney","white","f",159,"Pawns_captures"
"blitz","grooney","white","g",100,"Pawns_captures"
"blitz","grooney","white","h",73,"Pawns_captures"
"blitz","Mlodziak77","black","a",75,"Pawns_captures"
"blitz","Mlodziak77","black","b",124,"Pawns_captures"
"blitz","Mlodziak77","black","c",176,"Pawns_captures"
"blitz","Mlodziak77","black","d",275,"Pawns_captures"
"blitz","Mlodziak77","black","e",229,"Pawns_captures"
"blitz","Mlodziak77","black","f",133,"Pawns_captures"
"blitz","Mlodziak77","black","g",83,"Pawns_captures"
"blitz","Mlodziak77","black","h",75,"Pawns_captures"
"blitz","Mlodziak77","both","a",141,"Pawns_captures"
"blitz","Mlodziak77","both","b",253,"Pawns_captures"
"blitz","Mlodziak77","both","c",392,"Pawns_captures"
"blitz","Mlodziak77","both","d",469,"Pawns_captures"
"blitz","Mlodziak77","both","e",497,"Pawns_captures"
"blitz","Mlodziak77","both","f",345,"Pawns_captures"
"blitz","Mlodziak77","both","g",176,"Pawns_captures"
"blitz","Mlodziak77","both","h",149,"Pawns_captures"
"blitz","Mlodziak77","white","a",66,"Pawns_captures"
"blitz","Mlodziak77","white","b",129,"Pawns_captures"
"blitz","Mlodziak77","white","c",216,"Pawns_captures"
"blitz","Mlodziak77","white","d",194,"Pawns_captures"
"blitz","Mlodziak77","white","e",268,"Pawns_captures"
"blitz","Mlodziak77","white","f",212,"Pawns_captures"
"blitz","Mlodziak77","white","g",93,"Pawns_captures"
"blitz","Mlodziak77","white","h",74,"Pawns_captures"
"blitz","tymekkk","black","a",65,"Pawns_captures"
"blitz","tymekkk","black","b",114,"Pawns_captures"
"blitz","tymekkk","black","c",240,"Pawns_captures"
"blitz","tymekkk","black","d",158,"Pawns_captures"
"blitz","tymekkk","black","e",197,"Pawns_captures"
"blitz","tymekkk","black","f",134,"Pawns_captures"
"blitz","tymekkk","black","g",77,"Pawns_captures"
"blitz","tymekkk","black","h",63,"Pawns_captures"
"blitz","tymekkk","both","a",126,"Pawns_captures"
"blitz","tymekkk","both","b",200,"Pawns_captures"
"blitz","tymekkk","both","c",456,"Pawns_captures"
"blitz","tymekkk","both","d",294,"Pawns_captures"
"blitz","tymekkk","both","e",359,"Pawns_captures"
"blitz","tymekkk","both","f",259,"Pawns_captures"
"blitz","tymekkk","both","g",179,"Pawns_captures"
"blitz","tymekkk","both","h",133,"Pawns_captures"
"blitz","tymekkk","white","a",61,"Pawns_captures"
"blitz","tymekkk","white","b",86,"Pawns_captures"
"blitz","tymekkk","white","c",216,"Pawns_captures"
"blitz","tymekkk","white","d",136,"Pawns_captures"
"blitz","tymekkk","white","e",162,"Pawns_captures"
"blitz","tymekkk","white","f",125,"Pawns_captures"
"blitz","tymekkk","white","g",102,"Pawns_captures"
"blitz","tymekkk","white","h",70,"Pawns_captures"
"bullet","grooney","black","a",465,"Pawns_captures"
"bullet","grooney","black","b",738,"Pawns_captures"
"bullet","grooney","black","c",1652,"Pawns_captures"
"bullet","grooney","black","d",1948,"Pawns_captures"
"bullet","grooney","black","e",1700,"Pawns_captures"
"bullet","grooney","black","f",947,"Pawns_captures"
"bullet","grooney","black","g",775,"Pawns_captures"
"bullet","grooney","black","h",526,"Pawns_captures"
"bullet","grooney","both","a",887,"Pawns_captures"
"bullet","grooney","both","b",1484,"Pawns_captures"
"bullet","grooney","both","c",2878,"Pawns_captures"
"bullet","grooney","both","d",3377,"Pawns_captures"
"bullet","grooney","both","e",3899,"Pawns_captures"
"bullet","grooney","both","f",1926,"Pawns_captures"
"bullet","grooney","both","g",1586,"Pawns_captures"
"bullet","grooney","both","h",1028,"Pawns_captures"
"bullet","grooney","white","a",422,"Pawns_captures"
"bullet","grooney","white","b",746,"Pawns_captures"
"bullet","grooney","white","c",1226,"Pawns_captures"
"bullet","grooney","white","d",1429,"Pawns_captures"
"bullet","grooney","white","e",2199,"Pawns_captures"
"bullet","grooney","white","f",979,"Pawns_captures"
"bullet","grooney","white","g",811,"Pawns_captures"
"bullet","grooney","white","h",502,"Pawns_captures"
"bullet","Mlodziak77","black","a",15,"Pawns_captures"
"bullet","Mlodziak77","black","b",25,"Pawns_captures"
"bullet","Mlodziak77","black","c",38,"Pawns_captures"
"bullet","Mlodziak77","black","d",53,"Pawns_captures"
"bullet","Mlodziak77","black","e",52,"Pawns_captures"
"bullet","Mlodziak77","black","f",30,"Pawns_captures"
"bullet","Mlodziak77","black","g",15,"Pawns_captures"
"bullet","Mlodziak77","black","h",10,"Pawns_captures"
"bullet","Mlodziak77","both","a",27,"Pawns_captures"
"bullet","Mlodziak77","both","b",55,"Pawns_captures"
"bullet","Mlodziak77","both","c",73,"Pawns_captures"
"bullet","Mlodziak77","both","d",101,"Pawns_captures"
"bullet","Mlodziak77","both","e",108,"Pawns_captures"
"bullet","Mlodziak77","both","f",55,"Pawns_captures"
"bullet","Mlodziak77","both","g",35,"Pawns_captures"
"bullet","Mlodziak77","both","h",21,"Pawns_captures"
"bullet","Mlodziak77","white","a",12,"Pawns_captures"
"bullet","Mlodziak77","white","b",30,"Pawns_captures"
"bullet","Mlodziak77","white","c",35,"Pawns_captures"
"bullet","Mlodziak77","white","d",48,"Pawns_captures"
"bullet","Mlodziak77","white","e",56,"Pawns_captures"
"bullet","Mlodziak77","white","f",25,"Pawns_captures"
"bullet","Mlodziak77","white","g",20,"Pawns_captures"
"bullet","Mlodziak77","white","h",11,"Pawns_captures"
"rapid","grooney","black","a",10,"Pawns_captures"
"rapid","grooney","black","b",20,"Pawns_captures"
"rapid","grooney","black","c",66,"Pawns_captures"
"rapid","grooney","black","d",49,"Pawns_captures"
"rapid","grooney","black","e",49,"Pawns_captures"
"rapid","grooney","black","f",18,"Pawns_captures"
"rapid","grooney","black","g",20,"Pawns_captures"
"rapid","grooney","black","h",18,"Pawns_captures"
"rapid","grooney","both","a",18,"Pawns_captures"
"rapid","grooney","both","b",37,"Pawns_captures"
"rapid","grooney","both","c",98,"Pawns_captures"
"rapid","grooney","both","d",82,"Pawns_captures"
"rapid","grooney","both","e",119,"Pawns_captures"
"rapid","grooney","both","f",41,"Pawns_captures"
"rapid","grooney","both","g",45,"Pawns_captures"
"rapid","grooney","both","h",28,"Pawns_captures"
"rapid","grooney","white","a",8,"Pawns_captures"
"rapid","grooney","white","b",17,"Pawns_captures"
"rapid","grooney","white","c",32,"Pawns_captures"
"rapid","grooney","white","d",33,"Pawns_captures"
"rapid","grooney","white","e",70,"Pawns_captures"
"rapid","grooney","white","f",23,"Pawns_captures"
"rapid","grooney","white","g",25,"Pawns_captures"
"rapid","grooney","white","h",10,"Pawns_captures"
"rapid","Mlodziak77","black","a",10,"Pawns_captures"
"rapid","Mlodziak77","black","b",22,"Pawns_captures"
"rapid","Mlodziak77","black","c",41,"Pawns_captures"
"rapid","Mlodziak77","black","d",52,"Pawns_captures"
"rapid","Mlodziak77","black","e",44,"Pawns_captures"
"rapid","Mlodziak77","black","f",33,"Pawns_captures"
"rapid","Mlodziak77","black","g",16,"Pawns_captures"
"rapid","Mlodziak77","black","h",15,"Pawns_captures"
"rapid","Mlodziak77","both","a",22,"Pawns_captures"
"rapid","Mlodziak77","both","b",41,"Pawns_captures"
"rapid","Mlodziak77","both","c",80,"Pawns_captures"
"rapid","Mlodziak77","both","d",92,"Pawns_captures"
"rapid","Mlodziak77","both","e",96,"Pawns_captures"
"rapid","Mlodziak77","both","f",63,"Pawns_captures"
"rapid","Mlodziak77","both","g",31,"Pawns_captures"
"rapid","Mlodziak77","both","h",28,"Pawns_captures"
"rapid","Mlodziak77","white","a",12,"Pawns_captures"
"rapid","Mlodziak77","white","b",19,"Pawns_captures"
"rapid","Mlodziak77","white","c",39,"Pawns_captures"
"rapid","Mlodziak77","white","d",40,"Pawns_captures"
"rapid","Mlodziak77","white","e",52,"Pawns_captures"
"rapid","Mlodziak77","white","f",30,"Pawns_captures"
"rapid","Mlodziak77","white","g",15,"Pawns_captures"
"rapid","Mlodziak77","white","h",13,"Pawns_captures"
"bullet","tymekkk","black","a",0,"Pawns_captures"
"bullet","tymekkk","black","b",0,"Pawns_captures"
"bullet","tymekkk","black","c",0,"Pawns_captures"
"bullet","tymekkk","black","d",0,"Pawns_captures"
"bullet","tymekkk","black","e",0,"Pawns_captures"
"bullet","tymekkk","black","f",0,"Pawns_captures"
"bullet","tymekkk","black","g",0,"Pawns_captures"
"bullet","tymekkk","black","h",0,"Pawns_captures"
"bullet","tymekkk","white","a",0,"Pawns_captures"
"bullet","tymekkk","white","b",0,"Pawns_captures"
"bullet","tymekkk","white","c",0,"Pawns_captures"
"bullet","tymekkk","white","d",0,"Pawns_captures"
"bullet","tymekkk","white","e",0,"Pawns_captures"
"bullet","tymekkk","white","f",0,"Pawns_captures"
"bullet","tymekkk","white","g",0,"Pawns_captures"
"bullet","tymekkk","white","h",0,"Pawns_captures"
"bullet","tymekkk","both","a",0,"Pawns_captures"
"bullet","tymekkk","both","b",0,"Pawns_captures"
"bullet","tymekkk","both","c",0,"Pawns_captures"
"bullet","tymekkk","both","d",0,"Pawns_captures"
"bullet","tymekkk","both","e",0,"Pawns_captures"
"bullet","tymekkk","both","f",0,"Pawns_captures"
"bullet","tymekkk","both","g",0,"Pawns_captures"
"bullet","tymekkk","both","h",0,"Pawns_captures"
"rapid","tymekkk","black","a",0,"Pawns_captures"
"rapid","tymekkk","black","b",0,"Pawns_captures"
"rapid","tymekkk","black","c",0,"Pawns_captures"
"rapid","tymekkk","black","d",0,"Pawns_captures"
"rapid","tymekkk","black","e",0,"Pawns_captures"
"rapid","tymekkk","black","f",0,"Pawns_captures"
"rapid","tymekkk","black","g",0,"Pawns_captures"
"rapid","tymekkk","black","h",0,"Pawns_captures"
"rapid","tymekkk","white","a",0,"Pawns_captures"
"rapid","tymekkk","white","b",0,"Pawns_captures"
"rapid","tymekkk","white","c",0,"Pawns_captures"
"rapid","tymekkk","white","d",0,"Pawns_captures"
"rapid","tymekkk","white","e",0,"Pawns_captures"
"rapid","tymekkk","white","f",0,"Pawns_captures"
"rapid","tymekkk","white","g",0,"Pawns_captures"
"rapid","tymekkk","white","h",0,"Pawns_captures"
"rapid","tymekkk","both","a",0,"Pawns_captures"
"rapid","tymekkk","both","b",0,"Pawns_captures"
"rapid","tymekkk","both","c",0,"Pawns_captures"
"rapid","tymekkk","both","d",0,"Pawns_captures"
"rapid","tymekkk","both","e",0,"Pawns_captures"
"rapid","tymekkk","both","f",0,"Pawns_captures"
"rapid","tymekkk","both","g",0,"Pawns_captures"
"rapid","tymekkk","both","h",0,"Pawns_captures"
"blitz","grooney","black","a",15,"Pawns_promotions"
"blitz","grooney","black","b",13,"Pawns_promotions"
"blitz","grooney","black","c",4,"Pawns_promotions"
"blitz","grooney","black","d",3,"Pawns_promotions"
"blitz","grooney","black","e",5,"Pawns_promotions"
"blitz","grooney","black","f",6,"Pawns_promotions"
"blitz","grooney","black","g",7,"Pawns_promotions"
"blitz","grooney","black","h",8,"Pawns_promotions"
"blitz","grooney","both","a",24,"Pawns_promotions"
"blitz","grooney","both","b",23,"Pawns_promotions"
"blitz","grooney","both","c",12,"Pawns_promotions"
"blitz","grooney","both","d",6,"Pawns_promotions"
"blitz","grooney","both","e",11,"Pawns_promotions"
"blitz","grooney","both","f",12,"Pawns_promotions"
"blitz","grooney","both","g",16,"Pawns_promotions"
"blitz","grooney","both","h",15,"Pawns_promotions"
"blitz","grooney","white","a",9,"Pawns_promotions"
"blitz","grooney","white","b",10,"Pawns_promotions"
"blitz","grooney","white","c",8,"Pawns_promotions"
"blitz","grooney","white","d",3,"Pawns_promotions"
"blitz","grooney","white","e",6,"Pawns_promotions"
"blitz","grooney","white","f",6,"Pawns_promotions"
"blitz","grooney","white","g",9,"Pawns_promotions"
"blitz","grooney","white","h",7,"Pawns_promotions"
"blitz","Mlodziak77","black","a",10,"Pawns_promotions"
"blitz","Mlodziak77","black","b",6,"Pawns_promotions"
"blitz","Mlodziak77","black","c",9,"Pawns_promotions"
"blitz","Mlodziak77","black","d",5,"Pawns_promotions"
"blitz","Mlodziak77","black","e",1,"Pawns_promotions"
"blitz","Mlodziak77","black","f",4,"Pawns_promotions"
"blitz","Mlodziak77","black","g",11,"Pawns_promotions"
"blitz","Mlodziak77","black","h",6,"Pawns_promotions"
"blitz","Mlodziak77","both","a",22,"Pawns_promotions"
"blitz","Mlodziak77","both","b",14,"Pawns_promotions"
"blitz","Mlodziak77","both","c",17,"Pawns_promotions"
"blitz","Mlodziak77","both","d",10,"Pawns_promotions"
"blitz","Mlodziak77","both","e",5,"Pawns_promotions"
"blitz","Mlodziak77","both","f",6,"Pawns_promotions"
"blitz","Mlodziak77","both","g",17,"Pawns_promotions"
"blitz","Mlodziak77","both","h",11,"Pawns_promotions"
"blitz","Mlodziak77","white","a",12,"Pawns_promotions"
"blitz","Mlodziak77","white","b",8,"Pawns_promotions"
"blitz","Mlodziak77","white","c",8,"Pawns_promotions"
"blitz","Mlodziak77","white","d",5,"Pawns_promotions"
"blitz","Mlodziak77","white","e",4,"Pawns_promotions"
"blitz","Mlodziak77","white","f",2,"Pawns_promotions"
"blitz","Mlodziak77","white","g",6,"Pawns_promotions"
"blitz","Mlodziak77","white","h",5,"Pawns_promotions"
"blitz","tymekkk","black","a",7,"Pawns_promotions"
"blitz","tymekkk","black","b",3,"Pawns_promotions"
"blitz","tymekkk","black","c",6,"Pawns_promotions"
"blitz","tymekkk","black","d",8,"Pawns_promotions"
"blitz","tymekkk","black","e",4,"Pawns_promotions"
"blitz","tymekkk","black","f",4,"Pawns_promotions"
"blitz","tymekkk","black","g",5,"Pawns_promotions"
"blitz","tymekkk","black","h",4,"Pawns_promotions"
"blitz","tymekkk","both","a",14,"Pawns_promotions"
"blitz","tymekkk","both","b",7,"Pawns_promotions"
"blitz","tymekkk","both","c",6,"Pawns_promotions"
"blitz","tymekkk","both","d",15,"Pawns_promotions"
"blitz","tymekkk","both","e",9,"Pawns_promotions"
"blitz","tymekkk","both","f",8,"Pawns_promotions"
"blitz","tymekkk","both","g",9,"Pawns_promotions"
"blitz","tymekkk","both","h",10,"Pawns_promotions"
"blitz","tymekkk","white","a",7,"Pawns_promotions"
"blitz","tymekkk","white","b",4,"Pawns_promotions"
"blitz","tymekkk","white","d",7,"Pawns_promotions"
"blitz","tymekkk","white","e",5,"Pawns_promotions"
"blitz","tymekkk","white","f",4,"Pawns_promotions"
"blitz","tymekkk","white","g",4,"Pawns_promotions"
"blitz","tymekkk","white","h",6,"Pawns_promotions"
"bullet","grooney","black","a",86,"Pawns_promotions"
"bullet","grooney","black","b",52,"Pawns_promotions"
"bullet","grooney","black","c",43,"Pawns_promotions"
"bullet","grooney","black","d",34,"Pawns_promotions"
"bullet","grooney","black","e",24,"Pawns_promotions"
"bullet","grooney","black","f",29,"Pawns_promotions"
"bullet","grooney","black","g",30,"Pawns_promotions"
"bullet","grooney","black","h",44,"Pawns_promotions"
"bullet","grooney","both","a",178,"Pawns_promotions"
"bullet","grooney","both","b",96,"Pawns_promotions"
"bullet","grooney","both","c",83,"Pawns_promotions"
"bullet","grooney","both","d",60,"Pawns_promotions"
"bullet","grooney","both","e",48,"Pawns_promotions"
"bullet","grooney","both","f",68,"Pawns_promotions"
"bullet","grooney","both","g",84,"Pawns_promotions"
"bullet","grooney","both","h",123,"Pawns_promotions"
"bullet","grooney","white","a",92,"Pawns_promotions"
"bullet","grooney","white","b",44,"Pawns_promotions"
"bullet","grooney","white","c",40,"Pawns_promotions"
"bullet","grooney","white","d",26,"Pawns_promotions"
"bullet","grooney","white","e",24,"Pawns_promotions"
"bullet","grooney","white","f",39,"Pawns_promotions"
"bullet","grooney","white","g",54,"Pawns_promotions"
"bullet","grooney","white","h",79,"Pawns_promotions"
"bullet","Mlodziak77","black","a",3,"Pawns_promotions"
"bullet","Mlodziak77","black","b",2,"Pawns_promotions"
"bullet","Mlodziak77","black","c",1,"Pawns_promotions"
"bullet","Mlodziak77","black","d",1,"Pawns_promotions"
"bullet","Mlodziak77","black","f",2,"Pawns_promotions"
"bullet","Mlodziak77","black","g",2,"Pawns_promotions"
"bullet","Mlodziak77","black","h",2,"Pawns_promotions"
"bullet","Mlodziak77","both","a",4,"Pawns_promotions"
"bullet","Mlodziak77","both","b",4,"Pawns_promotions"
"bullet","Mlodziak77","both","c",2,"Pawns_promotions"
"bullet","Mlodziak77","both","d",1,"Pawns_promotions"
"bullet","Mlodziak77","both","e",1,"Pawns_promotions"
"bullet","Mlodziak77","both","f",2,"Pawns_promotions"
"bullet","Mlodziak77","both","g",3,"Pawns_promotions"
"bullet","Mlodziak77","both","h",4,"Pawns_promotions"
"bullet","Mlodziak77","white","a",1,"Pawns_promotions"
"bullet","Mlodziak77","white","b",2,"Pawns_promotions"
"bullet","Mlodziak77","white","c",1,"Pawns_promotions"
"bullet","Mlodziak77","white","e",1,"Pawns_promotions"
"bullet","Mlodziak77","white","g",1,"Pawns_promotions"
"bullet","Mlodziak77","white","h",2,"Pawns_promotions"
"rapid","grooney","black","a",2,"Pawns_promotions"
"rapid","grooney","black","b",2,"Pawns_promotions"
"rapid","grooney","black","c",1,"Pawns_promotions"
"rapid","grooney","black","e",1,"Pawns_promotions"
"rapid","grooney","black","f",1,"Pawns_promotions"
"rapid","grooney","black","g",2,"Pawns_promotions"
"rapid","grooney","black","h",1,"Pawns_promotions"
"rapid","grooney","both","a",4,"Pawns_promotions"
"rapid","grooney","both","b",2,"Pawns_promotions"
"rapid","grooney","both","c",3,"Pawns_promotions"
"rapid","grooney","both","e",1,"Pawns_promotions"
"rapid","grooney","both","f",3,"Pawns_promotions"
"rapid","grooney","both","g",6,"Pawns_promotions"
"rapid","grooney","both","h",4,"Pawns_promotions"
"rapid","grooney","white","a",2,"Pawns_promotions"
"rapid","grooney","white","c",2,"Pawns_promotions"
"rapid","grooney","white","f",2,"Pawns_promotions"
"rapid","grooney","white","g",4,"Pawns_promotions"
"rapid","grooney","white","h",3,"Pawns_promotions"
"rapid","Mlodziak77","black","a",3,"Pawns_promotions"
"rapid","Mlodziak77","black","b",1,"Pawns_promotions"
"rapid","Mlodziak77","black","c",1,"Pawns_promotions"
"rapid","Mlodziak77","black","d",2,"Pawns_promotions"
"rapid","Mlodziak77","black","e",2,"Pawns_promotions"
"rapid","Mlodziak77","black","g",3,"Pawns_promotions"
"rapid","Mlodziak77","black","h",1,"Pawns_promotions"
"rapid","Mlodziak77","both","a",6,"Pawns_promotions"
"rapid","Mlodziak77","both","b",3,"Pawns_promotions"
"rapid","Mlodziak77","both","c",6,"Pawns_promotions"
"rapid","Mlodziak77","both","d",4,"Pawns_promotions"
"rapid","Mlodziak77","both","e",3,"Pawns_promotions"
"rapid","Mlodziak77","both","f",1,"Pawns_promotions"
"rapid","Mlodziak77","both","g",5,"Pawns_promotions"
"rapid","Mlodziak77","both","h",2,"Pawns_promotions"
"rapid","Mlodziak77","white","a",3,"Pawns_promotions"
"rapid","Mlodziak77","white","b",2,"Pawns_promotions"
"rapid","Mlodziak77","white","c",5,"Pawns_promotions"
"rapid","Mlodziak77","white","d",2,"Pawns_promotions"
"rapid","Mlodziak77","white","e",1,"Pawns_promotions"
"rapid","Mlodziak77","white","f",1,"Pawns_promotions"
"rapid","Mlodziak77","white","g",2,"Pawns_promotions"
"rapid","Mlodziak77","white","h",1,"Pawns_promotions"
"blitz","tymekkk","white","c",0,"Pawns_promotions"
"bullet","Mlodziak77","black","e",0,"Pawns_promotions"
"bullet","Mlodziak77","white","d",0,"Pawns_promotions"
"bullet","Mlodziak77","white","f",0,"Pawns_promotions"
"bullet","tymekkk","black","a",0,"Pawns_promotions"
"bullet","tymekkk","black","b",0,"Pawns_promotions"
"bullet","tymekkk","black","c",0,"Pawns_promotions"
"bullet","tymekkk","black","d",0,"Pawns_promotions"
"bullet","tymekkk","black","e",0,"Pawns_promotions"
"bullet","tymekkk","black","f",0,"Pawns_promotions"
"bullet","tymekkk","black","g",0,"Pawns_promotions"
"bullet","tymekkk","black","h",0,"Pawns_promotions"
"bullet","tymekkk","white","a",0,"Pawns_promotions"
"bullet","tymekkk","white","b",0,"Pawns_promotions"
"bullet","tymekkk","white","c",0,"Pawns_promotions"
"bullet","tymekkk","white","d",0,"Pawns_promotions"
"bullet","tymekkk","white","e",0,"Pawns_promotions"
"bullet","tymekkk","white","f",0,"Pawns_promotions"
"bullet","tymekkk","white","g",0,"Pawns_promotions"
"bullet","tymekkk","white","h",0,"Pawns_promotions"
"bullet","tymekkk","both","a",0,"Pawns_promotions"
"bullet","tymekkk","both","b",0,"Pawns_promotions"
"bullet","tymekkk","both","c",0,"Pawns_promotions"
"bullet","tymekkk","both","d",0,"Pawns_promotions"
"bullet","tymekkk","both","e",0,"Pawns_promotions"
"bullet","tymekkk","both","f",0,"Pawns_promotions"
"bullet","tymekkk","both","g",0,"Pawns_promotions"
"bullet","tymekkk","both","h",0,"Pawns_promotions"
"rapid","grooney","black","d",0,"Pawns_promotions"
"rapid","grooney","white","b",0,"Pawns_promotions"
"rapid","grooney","white","d",0,"Pawns_promotions"
"rapid","grooney","white","e",0,"Pawns_promotions"
"rapid","grooney","both","d",0,"Pawns_promotions"
"rapid","Mlodziak77","black","f",0,"Pawns_promotions"
"rapid","tymekkk","black","a",0,"Pawns_promotions"
"rapid","tymekkk","black","b",0,"Pawns_promotions"
"rapid","tymekkk","black","c",0,"Pawns_promotions"
"rapid","tymekkk","black","d",0,"Pawns_promotions"
"rapid","tymekkk","black","e",0,"Pawns_promotions"
"rapid","tymekkk","black","f",0,"Pawns_promotions"
"rapid","tymekkk","black","g",0,"Pawns_promotions"
"rapid","tymekkk","black","h",0,"Pawns_promotions"
"rapid","tymekkk","white","a",0,"Pawns_promotions"
"rapid","tymekkk","white","b",0,"Pawns_promotions"
"rapid","tymekkk","white","c",0,"Pawns_promotions"
"rapid","tymekkk","white","d",0,"Pawns_promotions"
"rapid","tymekkk","white","e",0,"Pawns_promotions"
"rapid","tymekkk","white","f",0,"Pawns_promotions"
"rapid","tymekkk","white","g",0,"Pawns_promotions"
"rapid","tymekkk","white","h",0,"Pawns_promotions"
"rapid","tymekkk","both","a",0,"Pawns_promotions"
"rapid","tymekkk","both","b",0,"Pawns_promotions"
"rapid","tymekkk","both","c",0,"Pawns_promotions"
"rapid","tymekkk","both","d",0,"Pawns_promotions"
"rapid","tymekkk","both","e",0,"Pawns_promotions"
"rapid","tymekkk","both","f",0,"Pawns_promotions"
"rapid","tymekkk","both","g",0,"Pawns_promotions"
"rapid","tymekkk","both","h",0,"Pawns_promotions"
"blitz","grooney","black","B",1417,"Pieces_moves"
"blitz","grooney","black","K",2903,"Pieces_moves"
"blitz","grooney","black","N",1697,"Pieces_moves"
"blitz","grooney","black","Q",2281,"Pieces_moves"
"blitz","grooney","black","R",1574,"Pieces_moves"
"blitz","grooney","both","B",2895,"Pieces_moves"
"blitz","grooney","both","K",5700,"Pieces_moves"
"blitz","grooney","both","N",3427,"Pieces_moves"
"blitz","grooney","both","Q",4695,"Pieces_moves"
"blitz","grooney","both","R",3250,"Pieces_moves"
"blitz","grooney","white","B",1478,"Pieces_moves"
"blitz","grooney","white","K",2797,"Pieces_moves"
"blitz","grooney","white","N",1730,"Pieces_moves"
"blitz","grooney","white","Q",2414,"Pieces_moves"
"blitz","grooney","white","R",1675,"Pieces_moves"
"blitz","Mlodziak77","black","B",1364,"Pieces_moves"
"blitz","Mlodziak77","black","K",1744,"Pieces_moves"
"blitz","Mlodziak77","black","N",1634,"Pieces_moves"
"blitz","Mlodziak77","black","Q",2270,"Pieces_moves"
"blitz","Mlodziak77","black","R",1210,"Pieces_moves"
"blitz","Mlodziak77","both","B",2772,"Pieces_moves"
"blitz","Mlodziak77","both","K",3538,"Pieces_moves"
"blitz","Mlodziak77","both","N",3286,"Pieces_moves"
"blitz","Mlodziak77","both","Q",4795,"Pieces_moves"
"blitz","Mlodziak77","both","R",2463,"Pieces_moves"
"blitz","Mlodziak77","white","B",1408,"Pieces_moves"
"blitz","Mlodziak77","white","K",1794,"Pieces_moves"
"blitz","Mlodziak77","white","N",1652,"Pieces_moves"
"blitz","Mlodziak77","white","Q",2525,"Pieces_moves"
"blitz","Mlodziak77","white","R",1252,"Pieces_moves"
"blitz","tymekkk","black","B",1082,"Pieces_moves"
"blitz","tymekkk","black","K",1698,"Pieces_moves"
"blitz","tymekkk","black","N",1157,"Pieces_moves"
"blitz","tymekkk","black","Q",1852,"Pieces_moves"
"blitz","tymekkk","black","R",1143,"Pieces_moves"
"blitz","tymekkk","both","B",2115,"Pieces_moves"
"blitz","tymekkk","both","K",3092,"Pieces_moves"
"blitz","tymekkk","both","N",2431,"Pieces_moves"
"blitz","tymekkk","both","Q",3293,"Pieces_moves"
"blitz","tymekkk","both","R",2171,"Pieces_moves"
"blitz","tymekkk","white","B",1032,"Pieces_moves"
"blitz","tymekkk","white","K",1394,"Pieces_moves"
"blitz","tymekkk","white","N",1273,"Pieces_moves"
"blitz","tymekkk","white","Q",1441,"Pieces_moves"
"blitz","tymekkk","white","R",1027,"Pieces_moves"
"bullet","grooney","black","B",9326,"Pieces_moves"
"bullet","grooney","black","K",21748,"Pieces_moves"
"bullet","grooney","black","N",10727,"Pieces_moves"
"bullet","grooney","black","Q",14983,"Pieces_moves"
"bullet","grooney","black","R",10560,"Pieces_moves"
"bullet","grooney","both","B",19226,"Pieces_moves"
"bullet","grooney","both","K",43931,"Pieces_moves"
"bullet","grooney","both","N",21882,"Pieces_moves"
"bullet","grooney","both","Q",31009,"Pieces_moves"
"bullet","grooney","both","R",21868,"Pieces_moves"
"bullet","grooney","white","B",9899,"Pieces_moves"
"bullet","grooney","white","K",22183,"Pieces_moves"
"bullet","grooney","white","N",11155,"Pieces_moves"
"bullet","grooney","white","Q",16026,"Pieces_moves"
"bullet","grooney","white","R",11308,"Pieces_moves"
"bullet","Mlodziak77","black","B",236,"Pieces_moves"
"bullet","Mlodziak77","black","K",309,"Pieces_moves"
"bullet","Mlodziak77","black","N",286,"Pieces_moves"
"bullet","Mlodziak77","black","Q",413,"Pieces_moves"
"bullet","Mlodziak77","black","R",247,"Pieces_moves"
"bullet","Mlodziak77","both","B",466,"Pieces_moves"
"bullet","Mlodziak77","both","K",600,"Pieces_moves"
"bullet","Mlodziak77","both","N",551,"Pieces_moves"
"bullet","Mlodziak77","both","Q",764,"Pieces_moves"
"bullet","Mlodziak77","both","R",459,"Pieces_moves"
"bullet","Mlodziak77","white","B",230,"Pieces_moves"
"bullet","Mlodziak77","white","K",291,"Pieces_moves"
"bullet","Mlodziak77","white","N",265,"Pieces_moves"
"bullet","Mlodziak77","white","Q",351,"Pieces_moves"
"bullet","Mlodziak77","white","R",212,"Pieces_moves"
"rapid","grooney","black","B",306,"Pieces_moves"
"rapid","grooney","black","K",453,"Pieces_moves"
"rapid","grooney","black","N",324,"Pieces_moves"
"rapid","grooney","black","Q",494,"Pieces_moves"
"rapid","grooney","black","R",299,"Pieces_moves"
"rapid","grooney","both","B",665,"Pieces_moves"
"rapid","grooney","both","K",947,"Pieces_moves"
"rapid","grooney","both","N",750,"Pieces_moves"
"rapid","grooney","both","Q",1144,"Pieces_moves"
"rapid","grooney","both","R",690,"Pieces_moves"
"rapid","grooney","white","B",359,"Pieces_moves"
"rapid","grooney","white","K",494,"Pieces_moves"
"rapid","grooney","white","N",426,"Pieces_moves"
"rapid","grooney","white","Q",650,"Pieces_moves"
"rapid","grooney","white","R",390,"Pieces_moves"
"rapid","Mlodziak77","black","B",237,"Pieces_moves"
"rapid","Mlodziak77","black","K",294,"Pieces_moves"
"rapid","Mlodziak77","black","N",290,"Pieces_moves"
"rapid","Mlodziak77","black","Q",502,"Pieces_moves"
"rapid","Mlodziak77","black","R",215,"Pieces_moves"
"rapid","Mlodziak77","both","B",493,"Pieces_moves"
"rapid","Mlodziak77","both","K",529,"Pieces_moves"
"rapid","Mlodziak77","both","N",581,"Pieces_moves"
"rapid","Mlodziak77","both","Q",1008,"Pieces_moves"
"rapid","Mlodziak77","both","R",417,"Pieces_moves"
"rapid","Mlodziak77","white","B",255,"Pieces_moves"
"rapid","Mlodziak77","white","K",235,"Pieces_moves"
"rapid","Mlodziak77","white","N",290,"Pieces_moves"
"rapid","Mlodziak77","white","Q",506,"Pieces_moves"
"rapid","Mlodziak77","white","R",202,"Pieces_moves"
"blitz","grooney","black","B ",1417,"Pieces_moves"
"blitz","grooney","black","N ",1697,"Pieces_moves"
"blitz","grooney","black","R ",1574,"Pieces_moves"
"blitz","grooney","white","B ",1478,"Pieces_moves"
"blitz","grooney","white","N ",1730,"Pieces_moves"
"blitz","grooney","white","R ",1675,"Pieces_moves"
"blitz","grooney","both","B ",2895,"Pieces_moves"
"blitz","grooney","both","N ",3427,"Pieces_moves"
"blitz","grooney","both","R ",3250,"Pieces_moves"
"blitz","Mlodziak77","black","B ",1364,"Pieces_moves"
"blitz","Mlodziak77","black","N ",1634,"Pieces_moves"
"blitz","Mlodziak77","black","R ",1210,"Pieces_moves"
"blitz","Mlodziak77","white","B ",1408,"Pieces_moves"
"blitz","Mlodziak77","white","N ",1652,"Pieces_moves"
"blitz","Mlodziak77","white","R ",1252,"Pieces_moves"
"blitz","Mlodziak77","both","B ",2772,"Pieces_moves"
"blitz","Mlodziak77","both","N ",3286,"Pieces_moves"
"blitz","Mlodziak77","both","R ",2463,"Pieces_moves"
"blitz","tymekkk","black","B ",1082,"Pieces_moves"
"blitz","tymekkk","black","N ",1157,"Pieces_moves"
"blitz","tymekkk","black","R ",1143,"Pieces_moves"
"blitz","tymekkk","white","B ",1032,"Pieces_moves"
"blitz","tymekkk","white","N ",1273,"Pieces_moves"
"blitz","tymekkk","white","R ",1027,"Pieces_moves"
"blitz","tymekkk","both","B ",2115,"Pieces_moves"
"blitz","tymekkk","both","N ",2431,"Pieces_moves"
"blitz","tymekkk","both","R ",2171,"Pieces_moves"
"bullet","grooney","black","B ",9326,"Pieces_moves"
"bullet","grooney","black","N ",10727,"Pieces_moves"
"bullet","grooney","black","R ",10560,"Pieces_moves"
"bullet","grooney","white","B ",9899,"Pieces_moves"
"bullet","grooney","white","N ",11155,"Pieces_moves"
"bullet","grooney","white","R ",11308,"Pieces_moves"
"bullet","grooney","both","B ",19226,"Pieces_moves"
"bullet","grooney","both","N ",21882,"Pieces_moves"
"bullet","grooney","both","R ",21868,"Pieces_moves"
"bullet","Mlodziak77","black","B ",236,"Pieces_moves"
"bullet","Mlodziak77","black","N ",286,"Pieces_moves"
"bullet","Mlodziak77","black","R ",247,"Pieces_moves"
"bullet","Mlodziak77","white","B ",230,"Pieces_moves"
"bullet","Mlodziak77","white","N ",265,"Pieces_moves"
"bullet","Mlodziak77","white","R ",212,"Pieces_moves"
"bullet","Mlodziak77","both","B ",466,"Pieces_moves"
"bullet","Mlodziak77","both","N ",551,"Pieces_moves"
"bullet","Mlodziak77","both","R ",459,"Pieces_moves"
"bullet","tymekkk","black","R",0,"Pieces_moves"
"bullet","tymekkk","black","N",0,"Pieces_moves"
"bullet","tymekkk","black","B",0,"Pieces_moves"
"bullet","tymekkk","black","K",0,"Pieces_moves"
"bullet","tymekkk","black","Q",0,"Pieces_moves"
"bullet","tymekkk","black","B ",0,"Pieces_moves"
"bullet","tymekkk","black","N ",0,"Pieces_moves"
"bullet","tymekkk","black","R ",0,"Pieces_moves"
"bullet","tymekkk","white","R",0,"Pieces_moves"
"bullet","tymekkk","white","N",0,"Pieces_moves"
"bullet","tymekkk","white","B",0,"Pieces_moves"
"bullet","tymekkk","white","K",0,"Pieces_moves"
"bullet","tymekkk","white","Q",0,"Pieces_moves"
"bullet","tymekkk","white","B ",0,"Pieces_moves"
"bullet","tymekkk","white","N ",0,"Pieces_moves"
"bullet","tymekkk","white","R ",0,"Pieces_moves"
"bullet","tymekkk","both","R",0,"Pieces_moves"
"bullet","tymekkk","both","N",0,"Pieces_moves"
"bullet","tymekkk","both","B",0,"Pieces_moves"
"bullet","tymekkk","both","K",0,"Pieces_moves"
"bullet","tymekkk","both","Q",0,"Pieces_moves"
"bullet","tymekkk","both","B ",0,"Pieces_moves"
"bullet","tymekkk","both","N ",0,"Pieces_moves"
"bullet","tymekkk","both","R ",0,"Pieces_moves"
"rapid","grooney","black","B ",306,"Pieces_moves"
"rapid","grooney","black","N ",324,"Pieces_moves"
"rapid","grooney","black","R ",299,"Pieces_moves"
"rapid","grooney","white","B ",359,"Pieces_moves"
"rapid","grooney","white","N ",426,"Pieces_moves"
"rapid","grooney","white","R ",390,"Pieces_moves"
"rapid","grooney","both","B ",665,"Pieces_moves"
"rapid","grooney","both","N ",750,"Pieces_moves"
"rapid","grooney","both","R ",690,"Pieces_moves"
"rapid","Mlodziak77","black","B ",237,"Pieces_moves"
"rapid","Mlodziak77","black","N ",290,"Pieces_moves"
"rapid","Mlodziak77","black","R ",215,"Pieces_moves"
"rapid","Mlodziak77","white","B ",255,"Pieces_moves"
"rapid","Mlodziak77","white","N ",290,"Pieces_moves"
"rapid","Mlodziak77","white","R ",202,"Pieces_moves"
"rapid","Mlodziak77","both","B ",493,"Pieces_moves"
"rapid","Mlodziak77","both","N ",581,"Pieces_moves"
"rapid","Mlodziak77","both","R ",417,"Pieces_moves"
"rapid","tymekkk","black","R",0,"Pieces_moves"
"rapid","tymekkk","black","N",0,"Pieces_moves"
"rapid","tymekkk","black","B",0,"Pieces_moves"
"rapid","tymekkk","black","K",0,"Pieces_moves"
"rapid","tymekkk","black","Q",0,"Pieces_moves"
"rapid","tymekkk","black","B ",0,"Pieces_moves"
"rapid","tymekkk","black","N ",0,"Pieces_moves"
"rapid","tymekkk","black","R ",0,"Pieces_moves"
"rapid","tymekkk","white","R",0,"Pieces_moves"
"rapid","tymekkk","white","N",0,"Pieces_moves"
"rapid","tymekkk","white","B",0,"Pieces_moves"
"rapid","tymekkk","white","K",0,"Pieces_moves"
"rapid","tymekkk","white","Q",0,"Pieces_moves"
"rapid","tymekkk","white","B ",0,"Pieces_moves"
"rapid","tymekkk","white","N ",0,"Pieces_moves"
"rapid","tymekkk","white","R ",0,"Pieces_moves"
"rapid","tymekkk","both","R",0,"Pieces_moves"
"rapid","tymekkk","both","N",0,"Pieces_moves"
"rapid","tymekkk","both","B",0,"Pieces_moves"
"rapid","tymekkk","both","K",0,"Pieces_moves"
"rapid","tymekkk","both","Q",0,"Pieces_moves"
"rapid","tymekkk","both","B ",0,"Pieces_moves"
"rapid","tymekkk","both","N ",0,"Pieces_moves"
"rapid","tymekkk","both","R ",0,"Pieces_moves"
"blitz","grooney","black","B",389,"Pieces_captures"
"blitz","grooney","black","K",285,"Pieces_captures"
"blitz","grooney","black","N",365,"Pieces_captures"
"blitz","grooney","black","Q",681,"Pieces_captures"
"blitz","grooney","black","R",381,"Pieces_captures"
"blitz","grooney","both","B",758,"Pieces_captures"
"blitz","grooney","both","K",525,"Pieces_captures"
"blitz","grooney","both","N",755,"Pieces_captures"
"blitz","grooney","both","Q",1399,"Pieces_captures"
"blitz","grooney","both","R",781,"Pieces_captures"
"blitz","grooney","white","B",369,"Pieces_captures"
"blitz","grooney","white","K",240,"Pieces_captures"
"blitz","grooney","white","N",389,"Pieces_captures"
"blitz","grooney","white","Q",718,"Pieces_captures"
"blitz","grooney","white","R",400,"Pieces_captures"
"blitz","Mlodziak77","black","B",416,"Pieces_captures"
"blitz","Mlodziak77","black","K",218,"Pieces_captures"
"blitz","Mlodziak77","black","N",402,"Pieces_captures"
"blitz","Mlodziak77","black","Q",757,"Pieces_captures"
"blitz","Mlodziak77","black","R",358,"Pieces_captures"
"blitz","Mlodziak77","both","B",839,"Pieces_captures"
"blitz","Mlodziak77","both","K",443,"Pieces_captures"
"blitz","Mlodziak77","both","N",824,"Pieces_captures"
"blitz","Mlodziak77","both","Q",1587,"Pieces_captures"
"blitz","Mlodziak77","both","R",727,"Pieces_captures"
"blitz","Mlodziak77","white","B",423,"Pieces_captures"
"blitz","Mlodziak77","white","K",225,"Pieces_captures"
"blitz","Mlodziak77","white","N",422,"Pieces_captures"
"blitz","Mlodziak77","white","Q",830,"Pieces_captures"
"blitz","Mlodziak77","white","R",369,"Pieces_captures"
"blitz","tymekkk","black","B",302,"Pieces_captures"
"blitz","tymekkk","black","K",192,"Pieces_captures"
"blitz","tymekkk","black","N",250,"Pieces_captures"
"blitz","tymekkk","black","Q",547,"Pieces_captures"
"blitz","tymekkk","black","R",303,"Pieces_captures"
"blitz","tymekkk","both","B",570,"Pieces_captures"
"blitz","tymekkk","both","K",349,"Pieces_captures"
"blitz","tymekkk","both","N",542,"Pieces_captures"
"blitz","tymekkk","both","Q",1060,"Pieces_captures"
"blitz","tymekkk","both","R",599,"Pieces_captures"
"blitz","tymekkk","white","B",268,"Pieces_captures"
"blitz","tymekkk","white","K",157,"Pieces_captures"
"blitz","tymekkk","white","N",291,"Pieces_captures"
"blitz","tymekkk","white","Q",513,"Pieces_captures"
"blitz","tymekkk","white","R",295,"Pieces_captures"
"bullet","grooney","black","B",2486,"Pieces_captures"
"bullet","grooney","black","K",2288,"Pieces_captures"
"bullet","grooney","black","N",2237,"Pieces_captures"
"bullet","grooney","black","Q",4360,"Pieces_captures"
"bullet","grooney","black","R",2580,"Pieces_captures"
"bullet","grooney","both","B",5150,"Pieces_captures"
"bullet","grooney","both","K",4443,"Pieces_captures"
"bullet","grooney","both","N",4655,"Pieces_captures"
"bullet","grooney","both","Q",9033,"Pieces_captures"
"bullet","grooney","both","R",5364,"Pieces_captures"
"bullet","grooney","white","B",2664,"Pieces_captures"
"bullet","grooney","white","K",2155,"Pieces_captures"
"bullet","grooney","white","N",2418,"Pieces_captures"
"bullet","grooney","white","Q",4673,"Pieces_captures"
"bullet","grooney","white","R",2784,"Pieces_captures"
"bullet","Mlodziak77","black","B",76,"Pieces_captures"
"bullet","Mlodziak77","black","K",49,"Pieces_captures"
"bullet","Mlodziak77","black","N",76,"Pieces_captures"
"bullet","Mlodziak77","black","Q",141,"Pieces_captures"
"bullet","Mlodziak77","black","R",82,"Pieces_captures"
"bullet","Mlodziak77","both","B",153,"Pieces_captures"
"bullet","Mlodziak77","both","K",90,"Pieces_captures"
"bullet","Mlodziak77","both","N",140,"Pieces_captures"
"bullet","Mlodziak77","both","Q",280,"Pieces_captures"
"bullet","Mlodziak77","both","R",155,"Pieces_captures"
"bullet","Mlodziak77","white","B",76,"Pieces_captures"
"bullet","Mlodziak77","white","K",41,"Pieces_captures"
"bullet","Mlodziak77","white","N",63,"Pieces_captures"
"bullet","Mlodziak77","white","Q",139,"Pieces_captures"
"bullet","Mlodziak77","white","R",73,"Pieces_captures"
"rapid","grooney","black","B",87,"Pieces_captures"
"rapid","grooney","black","K",43,"Pieces_captures"
"rapid","grooney","black","N",78,"Pieces_captures"
"rapid","grooney","black","Q",165,"Pieces_captures"
"rapid","grooney","black","R",70,"Pieces_captures"
"rapid","grooney","both","B",186,"Pieces_captures"
"rapid","grooney","both","K",83,"Pieces_captures"
"rapid","grooney","both","N",189,"Pieces_captures"
"rapid","grooney","both","Q",339,"Pieces_captures"
"rapid","grooney","both","R",161,"Pieces_captures"
"rapid","grooney","white","B",99,"Pieces_captures"
"rapid","grooney","white","K",40,"Pieces_captures"
"rapid","grooney","white","N",110,"Pieces_captures"
"rapid","grooney","white","Q",174,"Pieces_captures"
"rapid","grooney","white","R",91,"Pieces_captures"
"rapid","Mlodziak77","black","B",70,"Pieces_captures"
"rapid","Mlodziak77","black","K",38,"Pieces_captures"
"rapid","Mlodziak77","black","N",68,"Pieces_captures"
"rapid","Mlodziak77","black","Q",167,"Pieces_captures"
"rapid","Mlodziak77","black","R",63,"Pieces_captures"
"rapid","Mlodziak77","both","B",150,"Pieces_captures"
"rapid","Mlodziak77","both","K",73,"Pieces_captures"
"rapid","Mlodziak77","both","N",148,"Pieces_captures"
"rapid","Mlodziak77","both","Q",362,"Pieces_captures"
"rapid","Mlodziak77","both","R",127,"Pieces_captures"
"rapid","Mlodziak77","white","B",79,"Pieces_captures"
"rapid","Mlodziak77","white","K",35,"Pieces_captures"
"rapid","Mlodziak77","white","N",80,"Pieces_captures"
"rapid","Mlodziak77","white","Q",195,"Pieces_captures"
"rapid","Mlodziak77","white","R",64,"Pieces_captures"
"blitz","grooney","black","B ",389,"Pieces_captures"
"blitz","grooney","black","N ",365,"Pieces_captures"
"blitz","grooney","black","R ",381,"Pieces_captures"
"blitz","grooney","white","B ",369,"Pieces_captures"
"blitz","grooney","white","N ",389,"Pieces_captures"
"blitz","grooney","white","R ",400,"Pieces_captures"
"blitz","grooney","both","B ",758,"Pieces_captures"
"blitz","grooney","both","N ",755,"Pieces_captures"
"blitz","grooney","both","R ",781,"Pieces_captures"
"blitz","Mlodziak77","black","B ",416,"Pieces_captures"
"blitz","Mlodziak77","black","N ",402,"Pieces_captures"
"blitz","Mlodziak77","black","R ",358,"Pieces_captures"
"blitz","Mlodziak77","white","B ",423,"Pieces_captures"
"blitz","Mlodziak77","white","N ",422,"Pieces_captures"
"blitz","Mlodziak77","white","R ",369,"Pieces_captures"
"blitz","Mlodziak77","both","B ",839,"Pieces_captures"
"blitz","Mlodziak77","both","N ",824,"Pieces_captures"
"blitz","Mlodziak77","both","R ",727,"Pieces_captures"
"blitz","tymekkk","black","B ",302,"Pieces_captures"
"blitz","tymekkk","black","N ",250,"Pieces_captures"
"blitz","tymekkk","black","R ",303,"Pieces_captures"
"blitz","tymekkk","white","B ",268,"Pieces_captures"
"blitz","tymekkk","white","N ",291,"Pieces_captures"
"blitz","tymekkk","white","R ",295,"Pieces_captures"
"blitz","tymekkk","both","B ",570,"Pieces_captures"
"blitz","tymekkk","both","N ",542,"Pieces_captures"
"blitz","tymekkk","both","R ",599,"Pieces_captures"
"bullet","grooney","black","B ",2486,"Pieces_captures"
"bullet","grooney","black","N ",2237,"Pieces_captures"
"bullet","grooney","black","R ",2580,"Pieces_captures"
"bullet","grooney","white","B ",2664,"Pieces_captures"
"bullet","grooney","white","N ",2418,"Pieces_captures"
"bullet","grooney","white","R ",2784,"Pieces_captures"
"bullet","grooney","both","B ",5150,"Pieces_captures"
"bullet","grooney","both","N ",4655,"Pieces_captures"
"bullet","grooney","both","R ",5364,"Pieces_captures"
"bullet","Mlodziak77","black","B ",76,"Pieces_captures"
"bullet","Mlodziak77","black","N ",76,"Pieces_captures"
"bullet","Mlodziak77","black","R ",82,"Pieces_captures"
"bullet","Mlodziak77","white","B ",76,"Pieces_captures"
"bullet","Mlodziak77","white","N ",63,"Pieces_captures"
"bullet","Mlodziak77","white","R ",73,"Pieces_captures"
"bullet","Mlodziak77","both","B ",153,"Pieces_captures"
"bullet","Mlodziak77","both","N ",140,"Pieces_captures"
"bullet","Mlodziak77","both","R ",155,"Pieces_captures"
"bullet","tymekkk","black","R",0,"Pieces_captures"
"bullet","tymekkk","black","N",0,"Pieces_captures"
"bullet","tymekkk","black","B",0,"Pieces_captures"
"bullet","tymekkk","black","K",0,"Pieces_captures"
"bullet","tymekkk","black","Q",0,"Pieces_captures"
"bullet","tymekkk","black","B ",0,"Pieces_captures"
"bullet","tymekkk","black","N ",0,"Pieces_captures"
"bullet","tymekkk","black","R ",0,"Pieces_captures"
"bullet","tymekkk","white","R",0,"Pieces_captures"
"bullet","tymekkk","white","N",0,"Pieces_captures"
"bullet","tymekkk","white","B",0,"Pieces_captures"
"bullet","tymekkk","white","K",0,"Pieces_captures"
"bullet","tymekkk","white","Q",0,"Pieces_captures"
"bullet","tymekkk","white","B ",0,"Pieces_captures"
"bullet","tymekkk","white","N ",0,"Pieces_captures"
"bullet","tymekkk","white","R ",0,"Pieces_captures"
"bullet","tymekkk","both","R",0,"Pieces_captures"
"bullet","tymekkk","both","N",0,"Pieces_captures"
"bullet","tymekkk","both","B",0,"Pieces_captures"
"bullet","tymekkk","both","K",0,"Pieces_captures"
"bullet","tymekkk","both","Q",0,"Pieces_captures"
"bullet","tymekkk","both","B ",0,"Pieces_captures"
"bullet","tymekkk","both","N ",0,"Pieces_captures"
"bullet","tymekkk","both","R ",0,"Pieces_captures"
"rapid","grooney","black","B ",87,"Pieces_captures"
"rapid","grooney","black","N ",78,"Pieces_captures"
"rapid","grooney","black","R ",70,"Pieces_captures"
"rapid","grooney","white","B ",99,"Pieces_captures"
"rapid","grooney","white","N ",110,"Pieces_captures"
"rapid","grooney","white","R ",91,"Pieces_captures"
"rapid","grooney","both","B ",186,"Pieces_captures"
"rapid","grooney","both","N ",189,"Pieces_captures"
"rapid","grooney","both","R ",161,"Pieces_captures"
"rapid","Mlodziak77","black","B ",70,"Pieces_captures"
"rapid","Mlodziak77","black","N ",68,"Pieces_captures"
"rapid","Mlodziak77","black","R ",63,"Pieces_captures"
"rapid","Mlodziak77","white","B ",79,"Pieces_captures"
"rapid","Mlodziak77","white","N ",80,"Pieces_captures"
"rapid","Mlodziak77","white","R ",64,"Pieces_captures"
"rapid","Mlodziak77","both","B ",150,"Pieces_captures"
"rapid","Mlodziak77","both","N ",148,"Pieces_captures"
"rapid","Mlodziak77","both","R ",127,"Pieces_captures"
"rapid","tymekkk","black","R",0,"Pieces_captures"
"rapid","tymekkk","black","N",0,"Pieces_captures"
"rapid","tymekkk","black","B",0,"Pieces_captures"
"rapid","tymekkk","black","K",0,"Pieces_captures"
"rapid","tymekkk","black","Q",0,"Pieces_captures"
"rapid","tymekkk","black","B ",0,"Pieces_captures"
"rapid","tymekkk","black","N ",0,"Pieces_captures"
"rapid","tymekkk","black","R ",0,"Pieces_captures"
"rapid","tymekkk","white","R",0,"Pieces_captures"
"rapid","tymekkk","white","N",0,"Pieces_captures"
"rapid","tymekkk","white","B",0,"Pieces_captures"
"rapid","tymekkk","white","K",0,"Pieces_captures"
"rapid","tymekkk","white","Q",0,"Pieces_captures"
"rapid","tymekkk","white","B ",0,"Pieces_captures"
"rapid","tymekkk","white","N ",0,"Pieces_captures"
"rapid","tymekkk","white","R ",0,"Pieces_captures"
"rapid","tymekkk","both","R",0,"Pieces_captures"
"rapid","tymekkk","both","N",0,"Pieces_captures"
"rapid","tymekkk","both","B",0,"Pieces_captures"
"rapid","tymekkk","both","K",0,"Pieces_captures"
"rapid","tymekkk","both","Q",0,"Pieces_captures"
"rapid","tymekkk","both","B ",0,"Pieces_captures"
"rapid","tymekkk","both","N ",0,"Pieces_captures"
"rapid","tymekkk","both","R ",0,"Pieces_captures"
